indicator,parentlocation,location,period,dim1,factvaluenumeric
Number of new HIV infections,Americas,Barbados,2023,,100
Number of new HIV infections,Africa,Comoros,2023,,100
Number of new HIV infections,Europe,Croatia,2023,,100
Number of new HIV infections,Europe,Denmark,2023,,100
Number of new HIV infections,Europe,Iceland,2023,,100
Number of new HIV infections,Eastern Mediterranean,Jordan,2023,,100
Number of new HIV infections,Europe,Luxembourg,2023,,100
Number of new HIV infections,Europe,Malta,2023,,100
Number of new HIV infections,Western Pacific,Mongolia,2023,,100
Number of new HIV infections,Europe,Montenegro,2023,,100
Number of new HIV infections,Western Pacific,New Zealand,2023,,100
Number of new HIV infections,Europe,North Macedonia,2023,,100
Number of new HIV infections,Eastern Mediterranean,Syrian Arab Republic,2023,,100
Number of new HIV infections,Europe,Albania,2023,,100
Number of new HIV infections,Americas,Bahamas,2023,,100
Number of new HIV infections,South-East Asia,Bhutan,2023,,100
Number of new HIV infections,Europe,Bosnia and Herzegovina,2023,,100
Number of new HIV infections,Europe,Estonia,2023,,100
Number of new HIV infections,Eastern Mediterranean,Oman,2023,,200
Number of new HIV infections,Eastern Mediterranean,Qatar,2023,,200
Number of new HIV infections,South-East Asia,Timor-Leste,2023,,200
Number of new HIV infections,Europe,Czechia,2023,,200
Number of new HIV infections,Europe,Lithuania,2023,,200
Number of new HIV infections,Europe,Switzerland,2023,,200
Number of new HIV infections,Americas,Belize,2023,,200
Number of new HIV infections,Europe,Slovakia,2023,,200
Number of new HIV infections,South-East Asia,Sri Lanka,2023,,200
Number of new HIV infections,Europe,Ireland,2023,,200
Number of new HIV infections,Eastern Mediterranean,Kuwait,2023,,200
Number of new HIV infections,Europe,Serbia,2023,,200
Number of new HIV infections,Western Pacific,Singapore,2023,,200
Number of new HIV infections,Europe,Bulgaria,2023,,500
Number of new HIV infections,Africa,Cabo Verde,2023,,500
Number of new HIV infections,Africa,Eritrea,2023,,500
Number of new HIV infections,Europe,Israel,2023,,500
Number of new HIV infections,Africa,Mauritania,2023,,500
Number of new HIV infections,Western Pacific,Fiji,2023,,500
Number of new HIV infections,Europe,Latvia,2023,,500
Number of new HIV infections,Eastern Mediterranean,Lebanon,2023,,500
Number of new HIV infections,South-East Asia,Nepal,2023,,500
Number of new HIV infections,Eastern Mediterranean,Djibouti,2023,,500
Number of new HIV infections,Europe,Greece,2023,,500
Number of new HIV infections,Europe,Portugal,2023,,500
Number of new HIV infections,Europe,Romania,2023,,500
Number of new HIV infections,Europe,Azerbaijan,2023,,500
Number of new HIV infections,Europe,Tajikistan,2023,,500
Number of new HIV infections,Africa,Congo,2023,,10000
Number of new HIV infections,South-East Asia,Myanmar,2023,,10000
Number of new HIV infections,Africa,Cote d'Ivoire,2023,,11000
Number of new HIV infections,South-East Asia,Bangladesh,2023,,1100
Number of new HIV infections,Africa,Guinea-Bissau,2023,,1100
Number of new HIV infections,Africa,Mauritius,2023,,1100
Number of new HIV infections,Africa,Malawi,2023,,12000
Number of new HIV infections,Western Pacific,Cambodia,2023,,1200
Number of new HIV infections,Americas,Jamaica,2023,,1200
Number of new HIV infections,Americas,Colombia,2023,,13000
Number of new HIV infections,Western Pacific,Lao People's Democratic Republic,2023,,1300
Number of new HIV infections,Africa,Niger,2023,,1400
Number of new HIV infections,Africa,Benin,2023,,1400
Number of new HIV infections,Americas,Paraguay,2023,,1400
Number of new HIV infections,Africa,Zimbabwe,2023,,15000
Number of new HIV infections,Africa,South Africa,2023,,150000
Number of new HIV infections,Americas,Panama,2023,,1500
Number of new HIV infections,Eastern Mediterranean,Saudi Arabia,2023,,1500
Number of new HIV infections,Americas,Guatemala,2023,,1500
Number of new HIV infections,Africa,Gambia,2023,,1500
Number of new HIV infections,Africa,Angola,2023,,16000
Number of new HIV infections,Africa,Burundi,2023,,1600
Number of new HIV infections,Eastern Mediterranean,Yemen,2023,,1600
Number of new HIV infections,Africa,Kenya,2023,,17000
Number of new HIV infections,Eastern Mediterranean,Afghanistan,2023,,1700
Number of new HIV infections,Europe,Italy,2023,,1700
Number of new HIV infections,Africa,Ghana,2023,,18000
Number of new HIV infections,Americas,Mexico,2023,,19000
Number of new HIV infections,Africa,Gabon,2023,,1900
Number of new HIV infections,Africa,Burkina Faso,2023,,1900
Number of new HIV infections,Americas,Cuba,2023,,2000
Number of new HIV infections,Americas,Bolivia (Plurinational State of),2023,,2000
Number of new HIV infections,Africa,Democratic Republic of the Congo,2023,,21000
Number of new HIV infections,Africa,Algeria,2023,,2100
Number of new HIV infections,Americas,Ecuador,2023,,2200
Number of new HIV infections,Africa,Zambia,2023,,23000
Number of new HIV infections,Africa,Togo,2023,,2300
Number of new HIV infections,Europe,Kazakhstan,2023,,2300
Number of new HIV infections,Europe,Spain,2023,,2400
Number of new HIV infections,Eastern Mediterranean,Iran (Islamic Republic of),2023,,2600
Number of new HIV infections,South-East Asia,Indonesia,2023,,28000
Number of new HIV infections,Africa,Senegal,2023,,2800
Number of new HIV infections,Western Pacific,Philippines,2023,,29000
Number of new HIV infections,Western Pacific,Malaysia,2023,,2900
Number of new HIV infections,Africa,Rwanda,2023,,3200
Number of new HIV infections,Africa,Sierra Leone,2023,,3300
Number of new HIV infections,Americas,Chile,2023,,3400
Number of new HIV infections,Europe,Uzbekistan,2023,,3700
Number of new HIV infections,Africa,Uganda,2023,,38000
Number of new HIV infections,Americas,Dominican Republic,2023,,4000
Number of new HIV infections,Africa,Botswana,2023,,4100
Number of new HIV infections,Africa,Eswatini,2023,,4200
Number of new HIV infections,Americas,Argentina,2023,,4200
Number of new HIV infections,Africa,Chad,2023,,4500
Number of new HIV infections,Africa,Guinea,2023,,4600
Number of new HIV infections,Africa,Lesotho,2023,,4800
Number of new HIV infections,Europe,Georgia,2023,,500
Number of new HIV infections,Americas,Brazil,2023,,51000
Number of new HIV infections,Americas,Suriname,2023,,510
Number of new HIV infections,Americas,Honduras,2023,,510
Number of new HIV infections,Africa,United Republic of Tanzania,2023,,53000
Number of new HIV infections,Europe,Armenia,2023,,540
Number of new HIV infections,Eastern Mediterranean,Sudan,2023,,5500
Number of new HIV infections,Africa,Mali,2023,,5500
Number of new HIV infections,Europe,France,2023,,5500
Number of new HIV infections,Americas,Haiti,2023,,5600
Number of new HIV infections,Americas,Guyana,2023,,580
Number of new HIV infections,Africa,Namibia,2023,,6000
Number of new HIV infections,Western Pacific,Viet Nam,2023,,6100
Number of new HIV infections,Americas,Peru,2023,,6300
Number of new HIV infections,Americas,Nicaragua,2023,,670
Number of new HIV infections,Western Pacific,Papua New Guinea,2023,,6700
Number of new HIV infections,South-East Asia,India,2023,,68000
Number of new HIV infections,Africa,Ethiopia,2023,,7400
Number of new HIV infections,Africa,Nigeria,2023,,75000
Number of new HIV infections,Europe,Kyrgyzstan,2023,,760
Number of new HIV infections,Americas,Venezuela (Bolivarian Republic of),2023,,7600
Number of new HIV infections,Americas,Uruguay,2023,,800
Number of new HIV infections,Africa,Mozambique,2023,,81000
Number of new HIV infections,Africa,Liberia,2023,,810
Number of new HIV infections,Africa,South Sudan,2023,,8100
Number of new HIV infections,Eastern Mediterranean,Egypt,2023,,8100
Number of new HIV infections,Americas,El Salvador,2023,,830
Number of new HIV infections,Eastern Mediterranean,Tunisia,2023,,880
Number of new HIV infections,Europe,Republic of Moldova,2023,,880
Number of new HIV infections,Europe,Belarus,2023,,890
Number of new HIV infections,Americas,Costa Rica,2023,,900
Number of new HIV infections,South-East Asia,Thailand,2023,,9100
Number of new HIV infections,Eastern Mediterranean,Morocco,2023,,970
Number of new HIV infections,Europe,Andorra,2023,,
Number of new HIV infections,Americas,Antigua and Barbuda,2023,,
Number of new HIV infections,Western Pacific,Australia,2023,,
Number of new HIV infections,Europe,Austria,2023,,
Number of new HIV infections,Eastern Mediterranean,Bahrain,2023,,
Number of new HIV infections,Europe,Belgium,2023,,
Number of new HIV infections,Western Pacific,Brunei Darussalam,2023,,
Number of new HIV infections,Africa,Cameroon,2023,,
Number of new HIV infections,Americas,Canada,2023,,
Number of new HIV infections,Africa,Central African Republic,2023,,
Number of new HIV infections,Western Pacific,China,2023,,
Number of new HIV infections,Western Pacific,Cook Islands,2023,,
Number of new HIV infections,Europe,Cyprus,2023,,
Number of new HIV infections,South-East Asia,Democratic People's Republic of Korea,2023,,
Number of new HIV infections,Americas,Dominica,2023,,
Number of new HIV infections,Africa,Equatorial Guinea,2023,,
Number of new HIV infections,Europe,Finland,2023,,
Number of new HIV infections,Europe,Germany,2023,,
Number of new HIV infections,Americas,Grenada,2023,,
Number of new HIV infections,Europe,Hungary,2023,,
Number of new HIV infections,Eastern Mediterranean,Iraq,2023,,
Number of new HIV infections,Western Pacific,Japan,2023,,
Number of new HIV infections,Western Pacific,Kiribati,2023,,
Number of new HIV infections,Eastern Mediterranean,Libya,2023,,
Number of new HIV infections,Africa,Madagascar,2023,,
Number of new HIV infections,South-East Asia,Maldives,2023,,
Number of new HIV infections,Western Pacific,Marshall Islands,2023,,
Number of new HIV infections,Western Pacific,Micronesia (Federated States of),2023,,
Number of new HIV infections,Europe,Monaco,2023,,
Number of new HIV infections,Western Pacific,Nauru,2023,,
Number of new HIV infections,Europe,Netherlands (Kingdom of the),2023,,
Number of new HIV infections,Western Pacific,Niue,2023,,
Number of new HIV infections,Europe,Norway,2023,,
Number of new HIV infections,Eastern Mediterranean,Pakistan,2023,,
Number of new HIV infections,Western Pacific,Palau,2023,,
Number of new HIV infections,Europe,Poland,2023,,
Number of new HIV infections,Western Pacific,Republic of Korea,2023,,
Number of new HIV infections,Europe,Russian Federation,2023,,
Number of new HIV infections,Americas,Saint Kitts and Nevis,2023,,
Number of new HIV infections,Americas,Saint Lucia,2023,,
Number of new HIV infections,Americas,Saint Vincent and the Grenadines,2023,,
Number of new HIV infections,Western Pacific,Samoa,2023,,
Number of new HIV infections,Europe,San Marino,2023,,
Number of new HIV infections,Africa,Sao Tome and Principe,2023,,
Number of new HIV infections,Africa,Seychelles,2023,,
Number of new HIV infections,Europe,Slovenia,2023,,
Number of new HIV infections,Western Pacific,Solomon Islands,2023,,
Number of new HIV infections,Eastern Mediterranean,Somalia,2023,,
Number of new HIV infections,Europe,Sweden,2023,,
Number of new HIV infections,Europe,T端rkiye,2023,,
Number of new HIV infections,Western Pacific,Tonga,2023,,
Number of new HIV infections,Americas,Trinidad and Tobago,2023,,
Number of new HIV infections,Europe,Turkmenistan,2023,,
Number of new HIV infections,Western Pacific,Tuvalu,2023,,
Number of new HIV infections,Europe,Ukraine,2023,,
Number of new HIV infections,Eastern Mediterranean,United Arab Emirates,2023,,
Number of new HIV infections,Europe,United Kingdom of Great Britain and Northern Ireland,2023,,
Number of new HIV infections,Americas,United States of America,2023,,
Number of new HIV infections,Western Pacific,Vanuatu,2023,,
Number of new HIV infections,Americas,Barbados,2022,,100
Number of new HIV infections,Europe,Bosnia and Herzegovina,2022,,100
Number of new HIV infections,Africa,Comoros,2022,,100
Number of new HIV infections,Europe,Croatia,2022,,100
Number of new HIV infections,Europe,Denmark,2022,,100
Number of new HIV infections,Europe,Iceland,2022,,100
Number of new HIV infections,Eastern Mediterranean,Jordan,2022,,100
Number of new HIV infections,Europe,Luxembourg,2022,,100
Number of new HIV infections,Europe,Malta,2022,,100
Number of new HIV infections,Western Pacific,Mongolia,2022,,100
Number of new HIV infections,Europe,Montenegro,2022,,100
Number of new HIV infections,Western Pacific,New Zealand,2022,,100
Number of new HIV infections,Europe,North Macedonia,2022,,100
Number of new HIV infections,Eastern Mediterranean,Syrian Arab Republic,2022,,100
Number of new HIV infections,Europe,Albania,2022,,100
Number of new HIV infections,Americas,Bahamas,2022,,100
Number of new HIV infections,South-East Asia,Bhutan,2022,,100
Number of new HIV infections,Europe,Estonia,2022,,200
Number of new HIV infections,Eastern Mediterranean,Oman,2022,,200
Number of new HIV infections,Eastern Mediterranean,Qatar,2022,,200
Number of new HIV infections,Europe,Slovakia,2022,,200
Number of new HIV infections,South-East Asia,Timor-Leste,2022,,200
Number of new HIV infections,Europe,Czechia,2022,,200
Number of new HIV infections,Europe,Lithuania,2022,,200
Number of new HIV infections,Europe,Netherlands (Kingdom of the),2022,,200
Number of new HIV infections,Americas,Belize,2022,,200
Number of new HIV infections,South-East Asia,Sri Lanka,2022,,200
Number of new HIV infections,Europe,Ireland,2022,,200
Number of new HIV infections,Eastern Mediterranean,Kuwait,2022,,200
Number of new HIV infections,Europe,Serbia,2022,,200
Number of new HIV infections,Europe,Switzerland,2022,,200
Number of new HIV infections,Western Pacific,Australia,2022,,500
Number of new HIV infections,Africa,Eritrea,2022,,500
Number of new HIV infections,Europe,Bulgaria,2022,,500
Number of new HIV infections,Africa,Cabo Verde,2022,,500
Number of new HIV infections,Europe,Israel,2022,,500
Number of new HIV infections,Western Pacific,Singapore,2022,,500
Number of new HIV infections,Western Pacific,Fiji,2022,,500
Number of new HIV infections,Europe,Latvia,2022,,500
Number of new HIV infections,Eastern Mediterranean,Lebanon,2022,,500
Number of new HIV infections,Africa,Mauritania,2022,,500
Number of new HIV infections,Eastern Mediterranean,Djibouti,2022,,500
Number of new HIV infections,Europe,Romania,2022,,500
Number of new HIV infections,Americas,Suriname,2022,,500
Number of new HIV infections,Europe,Azerbaijan,2022,,500
Number of new HIV infections,Europe,Tajikistan,2022,,500
Number of new HIV infections,Africa,Liberia,2022,,1000
Number of new HIV infections,Africa,Mauritius,2022,,1000
Number of new HIV infections,Africa,Cote d'Ivoire,2022,,11000
Number of new HIV infections,South-East Asia,Myanmar,2022,,11000
Number of new HIV infections,South-East Asia,Bangladesh,2022,,1100
Number of new HIV infections,Eastern Mediterranean,Saudi Arabia,2022,,1200
Number of new HIV infections,Africa,Guinea-Bissau,2022,,1200
Number of new HIV infections,Americas,Jamaica,2022,,1200
Number of new HIV infections,Americas,Colombia,2022,,13000
Number of new HIV infections,Africa,Malawi,2022,,13000
Number of new HIV infections,Western Pacific,Cambodia,2022,,1300
Number of new HIV infections,Western Pacific,Lao People's Democratic Republic,2022,,1300
Number of new HIV infections,Africa,Niger,2022,,1400
Number of new HIV infections,Africa,Benin,2022,,1400
Number of new HIV infections,Americas,Paraguay,2022,,1400
Number of new HIV infections,Africa,South Africa,2022,,150000
Number of new HIV infections,Americas,Panama,2022,,1500
Number of new HIV infections,Americas,Guatemala,2022,,1500
Number of new HIV infections,Eastern Mediterranean,Yemen,2022,,1500
Number of new HIV infections,Eastern Mediterranean,Afghanistan,2022,,1600
Number of new HIV infections,Africa,Gambia,2022,,1600
Number of new HIV infections,Africa,Zimbabwe,2022,,17000
Number of new HIV infections,Africa,Angola,2022,,17000
Number of new HIV infections,Africa,Ghana,2022,,18000
Number of new HIV infections,Africa,Burkina Faso,2022,,1800
Number of new HIV infections,Europe,Italy,2022,,1800
Number of new HIV infections,Africa,Burundi,2022,,1800
Number of new HIV infections,Americas,Mexico,2022,,19000
Number of new HIV infections,Africa,Gabon,2022,,2000
Number of new HIV infections,Americas,Cuba,2022,,2000
Number of new HIV infections,Africa,Algeria,2022,,2000
Number of new HIV infections,Americas,Bolivia (Plurinational State of),2022,,2000
Number of new HIV infections,Africa,Democratic Republic of the Congo,2022,,21000
Number of new HIV infections,Africa,Kenya,2022,,21000
Number of new HIV infections,Americas,Ecuador,2022,,2200
Number of new HIV infections,Europe,Kazakhstan,2022,,2300
Number of new HIV infections,Western Pacific,Philippines,2022,,25000
Number of new HIV infections,Eastern Mediterranean,Iran (Islamic Republic of),2022,,2500
Number of new HIV infections,Africa,Togo,2022,,2600
Number of new HIV infections,Europe,Spain,2022,,2700
Number of new HIV infections,Africa,Senegal,2022,,2700
Number of new HIV infections,South-East Asia,Indonesia,2022,,29000
Number of new HIV infections,Africa,Zambia,2022,,30000
Number of new HIV infections,Western Pacific,Malaysia,2022,,3000
Number of new HIV infections,Africa,Rwanda,2022,,3200
Number of new HIV infections,Americas,Chile,2022,,3700
Number of new HIV infections,Europe,Uzbekistan,2022,,3700
Number of new HIV infections,Africa,Sierra Leone,2022,,4000
Number of new HIV infections,Africa,Eswatini,2022,,4100
Number of new HIV infections,Africa,Uganda,2022,,42000
Number of new HIV infections,Americas,Dominican Republic,2022,,4400
Number of new HIV infections,Africa,Botswana,2022,,4400
Number of new HIV infections,Americas,Argentina,2022,,4500
Number of new HIV infections,Africa,Chad,2022,,5000
Number of new HIV infections,Americas,Brazil,2022,,51000
Number of new HIV infections,South-East Asia,Nepal,2022,,510
Number of new HIV infections,Africa,Lesotho,2022,,5100
Number of new HIV infections,Europe,Armenia,2022,,530
Number of new HIV infections,Africa,Guinea,2022,,5300
Number of new HIV infections,Europe,Georgia,2022,,540
Number of new HIV infections,Europe,Portugal,2022,,540
Number of new HIV infections,Eastern Mediterranean,Sudan,2022,,5400
Number of new HIV infections,Europe,Greece,2022,,550
Number of new HIV infections,Americas,Honduras,2022,,550
Number of new HIV infections,Europe,France,2022,,5500
Number of new HIV infections,Americas,Guyana,2022,,560
Number of new HIV infections,Americas,Haiti,2022,,5700
Number of new HIV infections,Africa,United Republic of Tanzania,2022,,60000
Number of new HIV infections,Africa,Namibia,2022,,6100
Number of new HIV infections,Africa,Mali,2022,,6200
Number of new HIV infections,Western Pacific,Papua New Guinea,2022,,6200
Number of new HIV infections,Eastern Mediterranean,Egypt,2022,,6200
Number of new HIV infections,Americas,Nicaragua,2022,,630
Number of new HIV infections,Americas,Peru,2022,,6400
Number of new HIV infections,Americas,Venezuela (Bolivarian Republic of),2022,,6400
Number of new HIV infections,Western Pacific,Viet Nam,2022,,6600
Number of new HIV infections,Europe,Kyrgyzstan,2022,,750
Number of new HIV infections,Eastern Mediterranean,Tunisia,2022,,810
Number of new HIV infections,Americas,Uruguay,2022,,810
Number of new HIV infections,Americas,El Salvador,2022,,810
Number of new HIV infections,Africa,Nigeria,2022,,83000
Number of new HIV infections,Africa,Ethiopia,2022,,8400
Number of new HIV infections,Africa,South Sudan,2022,,8600
Number of new HIV infections,Europe,Belarus,2022,,910
Number of new HIV infections,Europe,Republic of Moldova,2022,,910
Number of new HIV infections,Africa,Mozambique,2022,,93000
Number of new HIV infections,Americas,Costa Rica,2022,,930
Number of new HIV infections,South-East Asia,Thailand,2022,,9400
Number of new HIV infections,Africa,Congo,2022,,9800
Number of new HIV infections,Eastern Mediterranean,Morocco,2022,,990
Number of new HIV infections,Europe,Andorra,2022,,
Number of new HIV infections,Americas,Antigua and Barbuda,2022,,
Number of new HIV infections,Europe,Austria,2022,,
Number of new HIV infections,Eastern Mediterranean,Bahrain,2022,,
Number of new HIV infections,Europe,Belgium,2022,,
Number of new HIV infections,Western Pacific,Brunei Darussalam,2022,,
Number of new HIV infections,Africa,Cameroon,2022,,
Number of new HIV infections,Americas,Canada,2022,,
Number of new HIV infections,Africa,Central African Republic,2022,,
Number of new HIV infections,Western Pacific,China,2022,,
Number of new HIV infections,Western Pacific,Cook Islands,2022,,
Number of new HIV infections,Europe,Cyprus,2022,,
Number of new HIV infections,South-East Asia,Democratic People's Republic of Korea,2022,,
Number of new HIV infections,Americas,Dominica,2022,,
Number of new HIV infections,Africa,Equatorial Guinea,2022,,
Number of new HIV infections,Europe,Finland,2022,,
Number of new HIV infections,Europe,Germany,2022,,
Number of new HIV infections,Americas,Grenada,2022,,
Number of new HIV infections,Europe,Hungary,2022,,
Number of new HIV infections,South-East Asia,India,2022,,
Number of new HIV infections,Eastern Mediterranean,Iraq,2022,,
Number of new HIV infections,Western Pacific,Japan,2022,,
Number of new HIV infections,Western Pacific,Kiribati,2022,,
Number of new HIV infections,Eastern Mediterranean,Libya,2022,,
Number of new HIV infections,Africa,Madagascar,2022,,
Number of new HIV infections,South-East Asia,Maldives,2022,,
Number of new HIV infections,Western Pacific,Marshall Islands,2022,,
Number of new HIV infections,Western Pacific,Micronesia (Federated States of),2022,,
Number of new HIV infections,Europe,Monaco,2022,,
Number of new HIV infections,Western Pacific,Nauru,2022,,
Number of new HIV infections,Western Pacific,Niue,2022,,
Number of new HIV infections,Europe,Norway,2022,,
Number of new HIV infections,Eastern Mediterranean,Pakistan,2022,,
Number of new HIV infections,Western Pacific,Palau,2022,,
Number of new HIV infections,Europe,Poland,2022,,
Number of new HIV infections,Western Pacific,Republic of Korea,2022,,
Number of new HIV infections,Europe,Russian Federation,2022,,
Number of new HIV infections,Americas,Saint Kitts and Nevis,2022,,
Number of new HIV infections,Americas,Saint Lucia,2022,,
Number of new HIV infections,Americas,Saint Vincent and the Grenadines,2022,,
Number of new HIV infections,Western Pacific,Samoa,2022,,
Number of new HIV infections,Europe,San Marino,2022,,
Number of new HIV infections,Africa,Sao Tome and Principe,2022,,
Number of new HIV infections,Africa,Seychelles,2022,,
Number of new HIV infections,Europe,Slovenia,2022,,
Number of new HIV infections,Western Pacific,Solomon Islands,2022,,
Number of new HIV infections,Eastern Mediterranean,Somalia,2022,,
Number of new HIV infections,Europe,Sweden,2022,,
Number of new HIV infections,Europe,T端rkiye,2022,,
Number of new HIV infections,Western Pacific,Tonga,2022,,
Number of new HIV infections,Americas,Trinidad and Tobago,2022,,
Number of new HIV infections,Europe,Turkmenistan,2022,,
Number of new HIV infections,Western Pacific,Tuvalu,2022,,
Number of new HIV infections,Europe,Ukraine,2022,,
Number of new HIV infections,Eastern Mediterranean,United Arab Emirates,2022,,
Number of new HIV infections,Europe,United Kingdom of Great Britain and Northern Ireland,2022,,
Number of new HIV infections,Americas,United States of America,2022,,
Number of new HIV infections,Western Pacific,Vanuatu,2022,,
Number of new HIV infections,Americas,Barbados,2021,,100
Number of new HIV infections,Europe,Bosnia and Herzegovina,2021,,100
Number of new HIV infections,Africa,Comoros,2021,,100
Number of new HIV infections,Europe,Croatia,2021,,100
Number of new HIV infections,Europe,Iceland,2021,,100
Number of new HIV infections,Eastern Mediterranean,Jordan,2021,,100
Number of new HIV infections,Europe,Luxembourg,2021,,100
Number of new HIV infections,Europe,Malta,2021,,100
Number of new HIV infections,Western Pacific,Mongolia,2021,,100
Number of new HIV infections,Europe,Montenegro,2021,,100
Number of new HIV infections,Europe,North Macedonia,2021,,100
Number of new HIV infections,Europe,Slovenia,2021,,100
Number of new HIV infections,Eastern Mediterranean,Syrian Arab Republic,2021,,100
Number of new HIV infections,Europe,Albania,2021,,100
Number of new HIV infections,Americas,Bahamas,2021,,100
Number of new HIV infections,South-East Asia,Bhutan,2021,,100
Number of new HIV infections,Europe,Denmark,2021,,100
Number of new HIV infections,Western Pacific,New Zealand,2021,,100
Number of new HIV infections,Eastern Mediterranean,Qatar,2021,,100
Number of new HIV infections,Europe,Estonia,2021,,200
Number of new HIV infections,Eastern Mediterranean,Kuwait,2021,,200
Number of new HIV infections,Eastern Mediterranean,Oman,2021,,200
Number of new HIV infections,Europe,Slovakia,2021,,200
Number of new HIV infections,Americas,Belize,2021,,200
Number of new HIV infections,South-East Asia,Timor-Leste,2021,,200
Number of new HIV infections,Europe,Bulgaria,2021,,200
Number of new HIV infections,Europe,Czechia,2021,,200
Number of new HIV infections,Europe,Ireland,2021,,200
Number of new HIV infections,Europe,Lithuania,2021,,200
Number of new HIV infections,Europe,Serbia,2021,,200
Number of new HIV infections,Europe,Netherlands (Kingdom of the),2021,,500
Number of new HIV infections,Africa,Cabo Verde,2021,,500
Number of new HIV infections,Africa,Eritrea,2021,,500
Number of new HIV infections,Europe,Israel,2021,,500
Number of new HIV infections,Africa,Mauritania,2021,,500
Number of new HIV infections,Western Pacific,Singapore,2021,,500
Number of new HIV infections,Europe,Switzerland,2021,,500
Number of new HIV infections,Eastern Mediterranean,Djibouti,2021,,500
Number of new HIV infections,Western Pacific,Fiji,2021,,500
Number of new HIV infections,Western Pacific,Australia,2021,,500
Number of new HIV infections,Europe,Latvia,2021,,500
Number of new HIV infections,Eastern Mediterranean,Lebanon,2021,,500
Number of new HIV infections,South-East Asia,Sri Lanka,2021,,500
Number of new HIV infections,Americas,Suriname,2021,,500
Number of new HIV infections,Europe,Romania,2021,,500
Number of new HIV infections,Europe,Azerbaijan,2021,,500
Number of new HIV infections,Africa,Congo,2021,,10000
Number of new HIV infections,Africa,Mauritius,2021,,1000
Number of new HIV infections,Eastern Mediterranean,Morocco,2021,,1000
Number of new HIV infections,Africa,Ethiopia,2021,,11000
Number of new HIV infections,Africa,Cote d'Ivoire,2021,,11000
Number of new HIV infections,South-East Asia,Myanmar,2021,,11000
Number of new HIV infections,Africa,Mozambique,2021,,110000
Number of new HIV infections,South-East Asia,Bangladesh,2021,,1100
Number of new HIV infections,Africa,Liberia,2021,,1100
Number of new HIV infections,Americas,Colombia,2021,,13000
Number of new HIV infections,Western Pacific,Lao People's Democratic Republic,2021,,1300
Number of new HIV infections,Americas,Paraguay,2021,,1300
Number of new HIV infections,Africa,Guinea-Bissau,2021,,1300
Number of new HIV infections,Americas,Jamaica,2021,,1300
Number of new HIV infections,Eastern Mediterranean,Afghanistan,2021,,1400
Number of new HIV infections,Western Pacific,Cambodia,2021,,1400
Number of new HIV infections,Africa,Malawi,2021,,15000
Number of new HIV infections,Africa,Niger,2021,,1500
Number of new HIV infections,Americas,Panama,2021,,1500
Number of new HIV infections,Americas,Guatemala,2021,,1500
Number of new HIV infections,Eastern Mediterranean,Yemen,2021,,1500
Number of new HIV infections,Africa,South Africa,2021,,160000
Number of new HIV infections,Africa,Gambia,2021,,1700
Number of new HIV infections,Africa,Benin,2021,,1700
Number of new HIV infections,Africa,Zimbabwe,2021,,18000
Number of new HIV infections,Africa,Angola,2021,,18000
Number of new HIV infections,Europe,Germany,2021,,1800
Number of new HIV infections,Africa,Burundi,2021,,1800
Number of new HIV infections,Africa,Algeria,2021,,1800
Number of new HIV infections,Africa,Ghana,2021,,19000
Number of new HIV infections,Americas,Bolivia (Plurinational State of),2021,,1900
Number of new HIV infections,Africa,Senegal,2021,,1900
Number of new HIV infections,Americas,Mexico,2021,,20000
Number of new HIV infections,Europe,Italy,2021,,2000
Number of new HIV infections,Americas,Cuba,2021,,2000
Number of new HIV infections,Africa,Burkina Faso,2021,,2100
Number of new HIV infections,Western Pacific,Philippines,2021,,22000
Number of new HIV infections,Africa,Gabon,2021,,2200
Number of new HIV infections,Americas,Ecuador,2021,,2200
Number of new HIV infections,Europe,Kazakhstan,2021,,2200
Number of new HIV infections,Africa,Democratic Republic of the Congo,2021,,23000
Number of new HIV infections,Eastern Mediterranean,Iran (Islamic Republic of),2021,,2300
Number of new HIV infections,Africa,Kenya,2021,,25000
Number of new HIV infections,Africa,Togo,2021,,2700
Number of new HIV infections,Europe,Spain,2021,,3000
Number of new HIV infections,South-East Asia,Indonesia,2021,,31000
Number of new HIV infections,Western Pacific,Malaysia,2021,,3100
Number of new HIV infections,Africa,Zambia,2021,,36000
Number of new HIV infections,Europe,Uzbekistan,2021,,3600
Number of new HIV infections,Africa,Rwanda,2021,,3800
Number of new HIV infections,Americas,Chile,2021,,4000
Number of new HIV infections,Africa,Uganda,2021,,45000
Number of new HIV infections,Africa,Sierra Leone,2021,,4600
Number of new HIV infections,Africa,Eswatini,2021,,4600
Number of new HIV infections,Americas,Dominican Republic,2021,,4700
Number of new HIV infections,Eastern Mediterranean,Sudan,2021,,4700
Number of new HIV infections,Americas,Argentina,2021,,4700
Number of new HIV infections,Eastern Mediterranean,Egypt,2021,,4800
Number of new HIV infections,Africa,Chad,2021,,4900
Number of new HIV infections,Americas,Brazil,2021,,50000
Number of new HIV infections,Africa,Botswana,2021,,5200
Number of new HIV infections,Europe,Armenia,2021,,530
Number of new HIV infections,Europe,Tajikistan,2021,,530
Number of new HIV infections,Americas,Guyana,2021,,550
Number of new HIV infections,Europe,France,2021,,5600
Number of new HIV infections,Europe,Georgia,2021,,570
Number of new HIV infections,Americas,Venezuela (Bolivarian Republic of),2021,,5700
Number of new HIV infections,South-East Asia,Nepal,2021,,580
Number of new HIV infections,Africa,Guinea,2021,,5800
Number of new HIV infections,Western Pacific,Papua New Guinea,2021,,5800
Number of new HIV infections,Americas,Haiti,2021,,5900
Number of new HIV infections,Europe,Greece,2021,,600
Number of new HIV infections,Africa,Lesotho,2021,,6100
Number of new HIV infections,Europe,Portugal,2021,,620
Number of new HIV infections,Americas,Honduras,2021,,620
Number of new HIV infections,Africa,Mali,2021,,6300
Number of new HIV infections,Americas,Nicaragua,2021,,640
Number of new HIV infections,Americas,Peru,2021,,6500
Number of new HIV infections,Africa,Namibia,2021,,6500
Number of new HIV infections,Africa,United Republic of Tanzania,2021,,68000
Number of new HIV infections,Europe,Ukraine,2021,,7000
Number of new HIV infections,Western Pacific,Viet Nam,2021,,7200
Number of new HIV infections,Eastern Mediterranean,Tunisia,2021,,730
Number of new HIV infections,Europe,Kyrgyzstan,2021,,740
Number of new HIV infections,Americas,El Salvador,2021,,800
Number of new HIV infections,Americas,Uruguay,2021,,820
Number of new HIV infections,Africa,South Sudan,2021,,8800
Number of new HIV infections,Africa,Nigeria,2021,,92000
Number of new HIV infections,Americas,Costa Rica,2021,,950
Number of new HIV infections,Eastern Mediterranean,Saudi Arabia,2021,,950
Number of new HIV infections,Europe,Republic of Moldova,2021,,970
Number of new HIV infections,South-East Asia,Thailand,2021,,9700
Number of new HIV infections,Europe,Belarus,2021,,980
Number of new HIV infections,Europe,Andorra,2021,,
Number of new HIV infections,Americas,Antigua and Barbuda,2021,,
Number of new HIV infections,Europe,Austria,2021,,
Number of new HIV infections,Eastern Mediterranean,Bahrain,2021,,
Number of new HIV infections,Europe,Belgium,2021,,
Number of new HIV infections,Western Pacific,Brunei Darussalam,2021,,
Number of new HIV infections,Africa,Cameroon,2021,,
Number of new HIV infections,Americas,Canada,2021,,
Number of new HIV infections,Africa,Central African Republic,2021,,
Number of new HIV infections,Western Pacific,China,2021,,
Number of new HIV infections,Western Pacific,Cook Islands,2021,,
Number of new HIV infections,Europe,Cyprus,2021,,
Number of new HIV infections,South-East Asia,Democratic People's Republic of Korea,2021,,
Number of new HIV infections,Americas,Dominica,2021,,
Number of new HIV infections,Africa,Equatorial Guinea,2021,,
Number of new HIV infections,Europe,Finland,2021,,
Number of new HIV infections,Americas,Grenada,2021,,
Number of new HIV infections,Europe,Hungary,2021,,
Number of new HIV infections,South-East Asia,India,2021,,
Number of new HIV infections,Eastern Mediterranean,Iraq,2021,,
Number of new HIV infections,Western Pacific,Japan,2021,,
Number of new HIV infections,Western Pacific,Kiribati,2021,,
Number of new HIV infections,Eastern Mediterranean,Libya,2021,,
Number of new HIV infections,Africa,Madagascar,2021,,
Number of new HIV infections,South-East Asia,Maldives,2021,,
Number of new HIV infections,Western Pacific,Marshall Islands,2021,,
Number of new HIV infections,Western Pacific,Micronesia (Federated States of),2021,,
Number of new HIV infections,Europe,Monaco,2021,,
Number of new HIV infections,Western Pacific,Nauru,2021,,
Number of new HIV infections,Western Pacific,Niue,2021,,
Number of new HIV infections,Europe,Norway,2021,,
Number of new HIV infections,Eastern Mediterranean,Pakistan,2021,,
Number of new HIV infections,Western Pacific,Palau,2021,,
Number of new HIV infections,Europe,Poland,2021,,
Number of new HIV infections,Western Pacific,Republic of Korea,2021,,
Number of new HIV infections,Europe,Russian Federation,2021,,
Number of new HIV infections,Americas,Saint Kitts and Nevis,2021,,
Number of new HIV infections,Americas,Saint Lucia,2021,,
Number of new HIV infections,Americas,Saint Vincent and the Grenadines,2021,,
Number of new HIV infections,Western Pacific,Samoa,2021,,
Number of new HIV infections,Europe,San Marino,2021,,
Number of new HIV infections,Africa,Sao Tome and Principe,2021,,
Number of new HIV infections,Africa,Seychelles,2021,,
Number of new HIV infections,Western Pacific,Solomon Islands,2021,,
Number of new HIV infections,Eastern Mediterranean,Somalia,2021,,
Number of new HIV infections,Europe,Sweden,2021,,
Number of new HIV infections,Europe,T端rkiye,2021,,
Number of new HIV infections,Western Pacific,Tonga,2021,,
Number of new HIV infections,Americas,Trinidad and Tobago,2021,,
Number of new HIV infections,Europe,Turkmenistan,2021,,
Number of new HIV infections,Western Pacific,Tuvalu,2021,,
Number of new HIV infections,Eastern Mediterranean,United Arab Emirates,2021,,
Number of new HIV infections,Europe,United Kingdom of Great Britain and Northern Ireland,2021,,
Number of new HIV infections,Americas,United States of America,2021,,
Number of new HIV infections,Western Pacific,Vanuatu,2021,,
Number of new HIV infections,Americas,Barbados,2020,,100
Number of new HIV infections,Europe,Bosnia and Herzegovina,2020,,100
Number of new HIV infections,Africa,Comoros,2020,,100
Number of new HIV infections,Europe,Croatia,2020,,100
Number of new HIV infections,Europe,Iceland,2020,,100
Number of new HIV infections,Eastern Mediterranean,Jordan,2020,,100
Number of new HIV infections,Europe,Luxembourg,2020,,100
Number of new HIV infections,Europe,Malta,2020,,100
Number of new HIV infections,Western Pacific,Mongolia,2020,,100
Number of new HIV infections,Europe,Montenegro,2020,,100
Number of new HIV infections,Europe,North Macedonia,2020,,100
Number of new HIV infections,Europe,Slovenia,2020,,100
Number of new HIV infections,Eastern Mediterranean,Syrian Arab Republic,2020,,100
Number of new HIV infections,Europe,Albania,2020,,100
Number of new HIV infections,Americas,Bahamas,2020,,100
Number of new HIV infections,South-East Asia,Bhutan,2020,,100
Number of new HIV infections,Europe,Denmark,2020,,100
Number of new HIV infections,Eastern Mediterranean,Kuwait,2020,,100
Number of new HIV infections,Western Pacific,New Zealand,2020,,100
Number of new HIV infections,Eastern Mediterranean,Qatar,2020,,100
Number of new HIV infections,Europe,Estonia,2020,,200
Number of new HIV infections,Europe,Slovakia,2020,,200
Number of new HIV infections,Americas,Belize,2020,,200
Number of new HIV infections,Eastern Mediterranean,Oman,2020,,200
Number of new HIV infections,South-East Asia,Timor-Leste,2020,,200
Number of new HIV infections,Europe,Bulgaria,2020,,200
Number of new HIV infections,Europe,Czechia,2020,,200
Number of new HIV infections,Europe,Serbia,2020,,200
Number of new HIV infections,Africa,Cabo Verde,2020,,500
Number of new HIV infections,Africa,Eritrea,2020,,500
Number of new HIV infections,Europe,Ireland,2020,,500
Number of new HIV infections,Eastern Mediterranean,Lebanon,2020,,500
Number of new HIV infections,Europe,Lithuania,2020,,500
Number of new HIV infections,Africa,Mauritania,2020,,500
Number of new HIV infections,Western Pacific,Singapore,2020,,500
Number of new HIV infections,Europe,Switzerland,2020,,500
Number of new HIV infections,Europe,Netherlands (Kingdom of the),2020,,500
Number of new HIV infections,Western Pacific,Fiji,2020,,500
Number of new HIV infections,Eastern Mediterranean,Djibouti,2020,,500
Number of new HIV infections,Europe,Israel,2020,,500
Number of new HIV infections,Europe,Latvia,2020,,500
Number of new HIV infections,South-East Asia,Sri Lanka,2020,,500
Number of new HIV infections,Americas,Suriname,2020,,500
Number of new HIV infections,Europe,Romania,2020,,500
Number of new HIV infections,Western Pacific,Australia,2020,,500
Number of new HIV infections,Europe,Azerbaijan,2020,,500
Number of new HIV infections,Africa,Ethiopia,2020,,10000
Number of new HIV infections,Africa,Congo,2020,,10000
Number of new HIV infections,South-East Asia,Myanmar,2020,,10000
Number of new HIV infections,Africa,Nigeria,2020,,100000
Number of new HIV infections,Europe,Belarus,2020,,1000
Number of new HIV infections,Africa,Mauritius,2020,,1000
Number of new HIV infections,Eastern Mediterranean,Morocco,2020,,1000
Number of new HIV infections,South-East Asia,Thailand,2020,,10000
Number of new HIV infections,South-East Asia,Bangladesh,2020,,1100
Number of new HIV infections,Western Pacific,Lao People's Democratic Republic,2020,,1200
Number of new HIV infections,Americas,Jamaica,2020,,1200
Number of new HIV infections,Americas,Colombia,2020,,13000
Number of new HIV infections,Africa,Cote d'Ivoire,2020,,13000
Number of new HIV infections,Africa,Mozambique,2020,,130000
Number of new HIV infections,Western Pacific,Cambodia,2020,,1300
Number of new HIV infections,Americas,Paraguay,2020,,1300
Number of new HIV infections,Africa,Guinea-Bissau,2020,,1300
Number of new HIV infections,Eastern Mediterranean,Afghanistan,2020,,1400
Number of new HIV infections,Americas,Guatemala,2020,,1400
Number of new HIV infections,Africa,Liberia,2020,,1400
Number of new HIV infections,Americas,Canada,2020,,1500
Number of new HIV infections,Africa,Niger,2020,,1500
Number of new HIV infections,Americas,Panama,2020,,1500
Number of new HIV infections,Eastern Mediterranean,Yemen,2020,,1500
Number of new HIV infections,Africa,Senegal,2020,,1600
Number of new HIV infections,Africa,Burundi,2020,,1600
Number of new HIV infections,Africa,Malawi,2020,,17000
Number of new HIV infections,Africa,South Africa,2020,,170000
Number of new HIV infections,Africa,Gambia,2020,,1700
Number of new HIV infections,Africa,Algeria,2020,,1700
Number of new HIV infections,Africa,Benin,2020,,1800
Number of new HIV infections,Europe,Germany,2020,,1800
Number of new HIV infections,Western Pacific,Philippines,2020,,19000
Number of new HIV infections,Africa,Angola,2020,,19000
Number of new HIV infections,Americas,Bolivia (Plurinational State of),2020,,1900
Number of new HIV infections,Africa,Ghana,2020,,20000
Number of new HIV infections,Africa,Zimbabwe,2020,,20000
Number of new HIV infections,Americas,Mexico,2020,,21000
Number of new HIV infections,Europe,Kazakhstan,2020,,2100
Number of new HIV infections,Americas,Cuba,2020,,2100
Number of new HIV infections,Americas,Ecuador,2020,,2100
Number of new HIV infections,Eastern Mediterranean,Iran (Islamic Republic of),2020,,2200
Number of new HIV infections,Africa,Gabon,2020,,2200
Number of new HIV infections,Europe,Italy,2020,,2200
Number of new HIV infections,Africa,Burkina Faso,2020,,2300
Number of new HIV infections,Africa,Democratic Republic of the Congo,2020,,25000
Number of new HIV infections,Africa,Kenya,2020,,29000
Number of new HIV infections,Africa,Togo,2020,,2900
Number of new HIV infections,South-East Asia,Indonesia,2020,,32000
Number of new HIV infections,Africa,Rwanda,2020,,3200
Number of new HIV infections,Western Pacific,Malaysia,2020,,3200
Number of new HIV infections,Europe,Spain,2020,,3300
Number of new HIV infections,Europe,Uzbekistan,2020,,3600
Number of new HIV infections,Eastern Mediterranean,Egypt,2020,,3900
Number of new HIV infections,Eastern Mediterranean,Sudan,2020,,4200
Number of new HIV infections,Americas,Chile,2020,,4200
Number of new HIV infections,Africa,Zambia,2020,,45000
Number of new HIV infections,Africa,Uganda,2020,,46000
Number of new HIV infections,Americas,Dominican Republic,2020,,4800
Number of new HIV infections,Africa,Sierra Leone,2020,,4800
Number of new HIV infections,Americas,Argentina,2020,,4800
Number of new HIV infections,Americas,Brazil,2020,,49000
Number of new HIV infections,Africa,Eswatini,2020,,4900
Number of new HIV infections,Americas,Venezuela (Bolivarian Republic of),2020,,5000
Number of new HIV infections,Europe,Tajikistan,2020,,510
Number of new HIV infections,Americas,Guyana,2020,,510
Number of new HIV infections,Europe,Armenia,2020,,520
Number of new HIV infections,Western Pacific,Papua New Guinea,2020,,5400
Number of new HIV infections,Americas,Honduras,2020,,550
Number of new HIV infections,Africa,Chad,2020,,5500
Number of new HIV infections,Europe,France,2020,,5700
Number of new HIV infections,Americas,Nicaragua,2020,,590
Number of new HIV infections,Europe,Georgia,2020,,600
Number of new HIV infections,Africa,Namibia,2020,,6100
Number of new HIV infections,Americas,Peru,2020,,6200
Number of new HIV infections,Americas,Haiti,2020,,6300
Number of new HIV infections,Africa,Guinea,2020,,6400
Number of new HIV infections,Africa,Botswana,2020,,6400
Number of new HIV infections,Europe,Greece,2020,,650
Number of new HIV infections,Africa,Lesotho,2020,,6500
Number of new HIV infections,South-East Asia,Nepal,2020,,670
Number of new HIV infections,Africa,Mali,2020,,6800
Number of new HIV infections,Eastern Mediterranean,Tunisia,2020,,700
Number of new HIV infections,Europe,Portugal,2020,,710
Number of new HIV infections,Africa,United Republic of Tanzania,2020,,73000
Number of new HIV infections,Europe,Ukraine,2020,,7300
Number of new HIV infections,Europe,Kyrgyzstan,2020,,740
Number of new HIV infections,Americas,El Salvador,2020,,800
Number of new HIV infections,Eastern Mediterranean,Saudi Arabia,2020,,800
Number of new HIV infections,Western Pacific,Viet Nam,2020,,8000
Number of new HIV infections,Americas,Uruguay,2020,,820
Number of new HIV infections,Africa,South Sudan,2020,,9300
Number of new HIV infections,Europe,Republic of Moldova,2020,,970
Number of new HIV infections,Americas,Costa Rica,2020,,980
Number of new HIV infections,Europe,Andorra,2020,,
Number of new HIV infections,Americas,Antigua and Barbuda,2020,,
Number of new HIV infections,Europe,Austria,2020,,
Number of new HIV infections,Eastern Mediterranean,Bahrain,2020,,
Number of new HIV infections,Europe,Belgium,2020,,
Number of new HIV infections,Western Pacific,Brunei Darussalam,2020,,
Number of new HIV infections,Africa,Cameroon,2020,,
Number of new HIV infections,Africa,Central African Republic,2020,,
Number of new HIV infections,Western Pacific,China,2020,,
Number of new HIV infections,Western Pacific,Cook Islands,2020,,
Number of new HIV infections,Europe,Cyprus,2020,,
Number of new HIV infections,South-East Asia,Democratic People's Republic of Korea,2020,,
Number of new HIV infections,Americas,Dominica,2020,,
Number of new HIV infections,Africa,Equatorial Guinea,2020,,
Number of new HIV infections,Europe,Finland,2020,,
Number of new HIV infections,Americas,Grenada,2020,,
Number of new HIV infections,Europe,Hungary,2020,,
Number of new HIV infections,South-East Asia,India,2020,,
Number of new HIV infections,Eastern Mediterranean,Iraq,2020,,
Number of new HIV infections,Western Pacific,Japan,2020,,
Number of new HIV infections,Western Pacific,Kiribati,2020,,
Number of new HIV infections,Eastern Mediterranean,Libya,2020,,
Number of new HIV infections,Africa,Madagascar,2020,,
Number of new HIV infections,South-East Asia,Maldives,2020,,
Number of new HIV infections,Western Pacific,Marshall Islands,2020,,
Number of new HIV infections,Western Pacific,Micronesia (Federated States of),2020,,
Number of new HIV infections,Europe,Monaco,2020,,
Number of new HIV infections,Western Pacific,Nauru,2020,,
Number of new HIV infections,Western Pacific,Niue,2020,,
Number of new HIV infections,Europe,Norway,2020,,
Number of new HIV infections,Eastern Mediterranean,Pakistan,2020,,
Number of new HIV infections,Western Pacific,Palau,2020,,
Number of new HIV infections,Europe,Poland,2020,,
Number of new HIV infections,Western Pacific,Republic of Korea,2020,,
Number of new HIV infections,Europe,Russian Federation,2020,,
Number of new HIV infections,Americas,Saint Kitts and Nevis,2020,,
Number of new HIV infections,Americas,Saint Lucia,2020,,
Number of new HIV infections,Americas,Saint Vincent and the Grenadines,2020,,
Number of new HIV infections,Western Pacific,Samoa,2020,,
Number of new HIV infections,Europe,San Marino,2020,,
Number of new HIV infections,Africa,Sao Tome and Principe,2020,,
Number of new HIV infections,Africa,Seychelles,2020,,
Number of new HIV infections,Western Pacific,Solomon Islands,2020,,
Number of new HIV infections,Eastern Mediterranean,Somalia,2020,,
Number of new HIV infections,Europe,Sweden,2020,,
Number of new HIV infections,Europe,T端rkiye,2020,,
Number of new HIV infections,Western Pacific,Tonga,2020,,
Number of new HIV infections,Americas,Trinidad and Tobago,2020,,
Number of new HIV infections,Europe,Turkmenistan,2020,,
Number of new HIV infections,Western Pacific,Tuvalu,2020,,
Number of new HIV infections,Eastern Mediterranean,United Arab Emirates,2020,,
Number of new HIV infections,Europe,United Kingdom of Great Britain and Northern Ireland,2020,,
Number of new HIV infections,Americas,United States of America,2020,,
Number of new HIV infections,Western Pacific,Vanuatu,2020,,
Number of new HIV infections,Americas,Barbados,2015,,100
Number of new HIV infections,Europe,Bosnia and Herzegovina,2015,,100
Number of new HIV infections,Africa,Comoros,2015,,100
Number of new HIV infections,Europe,Croatia,2015,,100
Number of new HIV infections,Europe,Iceland,2015,,100
Number of new HIV infections,Eastern Mediterranean,Jordan,2015,,100
Number of new HIV infections,Eastern Mediterranean,Kuwait,2015,,100
Number of new HIV infections,Europe,Luxembourg,2015,,100
Number of new HIV infections,Europe,Malta,2015,,100
Number of new HIV infections,Western Pacific,Mongolia,2015,,100
Number of new HIV infections,Europe,Montenegro,2015,,100
Number of new HIV infections,Europe,North Macedonia,2015,,100
Number of new HIV infections,Eastern Mediterranean,Qatar,2015,,100
Number of new HIV infections,Europe,Slovenia,2015,,100
Number of new HIV infections,Eastern Mediterranean,Syrian Arab Republic,2015,,100
Number of new HIV infections,Europe,Albania,2015,,100
Number of new HIV infections,South-East Asia,Bhutan,2015,,100
Number of new HIV infections,Europe,Slovakia,2015,,100
Number of new HIV infections,Americas,Bahamas,2015,,200
Number of new HIV infections,Americas,Belize,2015,,200
Number of new HIV infections,Europe,Denmark,2015,,200
Number of new HIV infections,Western Pacific,New Zealand,2015,,200
Number of new HIV infections,Eastern Mediterranean,Oman,2015,,200
Number of new HIV infections,South-East Asia,Timor-Leste,2015,,200
Number of new HIV infections,Europe,Czechia,2015,,200
Number of new HIV infections,Europe,Estonia,2015,,200
Number of new HIV infections,Western Pacific,Fiji,2015,,200
Number of new HIV infections,Europe,Serbia,2015,,200
Number of new HIV infections,Africa,Mauritania,2015,,500
Number of new HIV infections,Europe,Bulgaria,2015,,500
Number of new HIV infections,Africa,Cabo Verde,2015,,500
Number of new HIV infections,Europe,Lithuania,2015,,500
Number of new HIV infections,Europe,Ireland,2015,,500
Number of new HIV infections,Europe,Israel,2015,,500
Number of new HIV infections,Eastern Mediterranean,Lebanon,2015,,500
Number of new HIV infections,Eastern Mediterranean,Saudi Arabia,2015,,500
Number of new HIV infections,South-East Asia,Sri Lanka,2015,,500
Number of new HIV infections,Americas,Suriname,2015,,500
Number of new HIV infections,Europe,Armenia,2015,,500
Number of new HIV infections,Western Pacific,Singapore,2015,,500
Number of new HIV infections,Europe,Latvia,2015,,500
Number of new HIV infections,Europe,Switzerland,2015,,500
Number of new HIV infections,Eastern Mediterranean,Djibouti,2015,,500
Number of new HIV infections,Americas,Nicaragua,2015,,500
Number of new HIV infections,Africa,Eritrea,2015,,500
Number of new HIV infections,Americas,Guyana,2015,,500
Number of new HIV infections,Americas,Costa Rica,2015,,1000
Number of new HIV infections,Africa,Botswana,2015,,11000
Number of new HIV infections,Western Pacific,Viet Nam,2015,,11000
Number of new HIV infections,Europe,Ukraine,2015,,11000
Number of new HIV infections,Africa,Nigeria,2015,,110000
Number of new HIV infections,Eastern Mediterranean,Yemen,2015,,1100
Number of new HIV infections,Americas,Jamaica,2015,,1100
Number of new HIV infections,Europe,Portugal,2015,,1100
Number of new HIV infections,Africa,Eswatini,2015,,12000
Number of new HIV infections,Americas,Colombia,2015,,12000
Number of new HIV infections,Western Pacific,Lao People's Democratic Republic,2015,,1200
Number of new HIV infections,Americas,Guatemala,2015,,1200
Number of new HIV infections,South-East Asia,Nepal,2015,,1200
Number of new HIV infections,Europe,Republic of Moldova,2015,,1200
Number of new HIV infections,Americas,Paraguay,2015,,1200
Number of new HIV infections,Eastern Mediterranean,Morocco,2015,,1200
Number of new HIV infections,South-East Asia,Thailand,2015,,13000
Number of new HIV infections,South-East Asia,Bangladesh,2015,,1300
Number of new HIV infections,Africa,Niger,2015,,1300
Number of new HIV infections,Africa,Lesotho,2015,,14000
Number of new HIV infections,Africa,Mozambique,2015,,140000
Number of new HIV infections,Africa,Senegal,2015,,1400
Number of new HIV infections,Africa,Algeria,2015,,1400
Number of new HIV infections,Americas,Panama,2015,,1400
Number of new HIV infections,Africa,South Sudan,2015,,15000
Number of new HIV infections,South-East Asia,Myanmar,2015,,15000
Number of new HIV infections,Africa,Ethiopia,2015,,16000
Number of new HIV infections,Western Pacific,Cambodia,2015,,1600
Number of new HIV infections,Africa,Guinea-Bissau,2015,,1800
Number of new HIV infections,Africa,Cote d'Ivoire,2015,,19000
Number of new HIV infections,Americas,Canada,2015,,1900
Number of new HIV infections,Europe,Belarus,2015,,2000
Number of new HIV infections,Africa,Gambia,2015,,2000
Number of new HIV infections,Africa,Liberia,2015,,2000
Number of new HIV infections,Americas,Bolivia (Plurinational State of),2015,,2000
Number of new HIV infections,Eastern Mediterranean,Iran (Islamic Republic of),2015,,2000
Number of new HIV infections,Africa,Ghana,2015,,21000
Number of new HIV infections,Americas,Mexico,2015,,21000
Number of new HIV infections,Eastern Mediterranean,Egypt,2015,,2100
Number of new HIV infections,Americas,Cuba,2015,,2200
Number of new HIV infections,Africa,Angola,2015,,23000
Number of new HIV infections,Americas,Ecuador,2015,,2400
Number of new HIV infections,Africa,South Africa,2015,,250000
Number of new HIV infections,Europe,Germany,2015,,2500
Number of new HIV infections,Africa,Gabon,2015,,2600
Number of new HIV infections,Europe,Kazakhstan,2015,,2800
Number of new HIV infections,Africa,Democratic Republic of the Congo,2015,,29000
Number of new HIV infections,Americas,Venezuela (Bolivarian Republic of),2015,,2900
Number of new HIV infections,Africa,Benin,2015,,2900
Number of new HIV infections,Africa,Burundi,2015,,3100
Number of new HIV infections,Eastern Mediterranean,Sudan,2015,,3200
Number of new HIV infections,Europe,Italy,2015,,3500
Number of new HIV infections,Western Pacific,Papua New Guinea,2015,,3500
Number of new HIV infections,Africa,Malawi,2015,,39000
Number of new HIV infections,Americas,Dominican Republic,2015,,3900
Number of new HIV infections,Europe,Spain,2015,,3900
Number of new HIV infections,South-East Asia,Indonesia,2015,,41000
Number of new HIV infections,Africa,Burkina Faso,2015,,4100
Number of new HIV infections,Europe,Uzbekistan,2015,,4100
Number of new HIV infections,Americas,Chile,2015,,4300
Number of new HIV infections,Africa,Kenya,2015,,47000
Number of new HIV infections,Africa,Togo,2015,,4700
Number of new HIV infections,Americas,Peru,2015,,4700
Number of new HIV infections,Western Pacific,Malaysia,2015,,4700
Number of new HIV infections,Americas,Brazil,2015,,49000
Number of new HIV infections,Africa,Sierra Leone,2015,,4900
Number of new HIV infections,Africa,Zimbabwe,2015,,50000
Number of new HIV infections,Americas,Honduras,2015,,520
Number of new HIV infections,Americas,Argentina,2015,,5600
Number of new HIV infections,Europe,Azerbaijan,2015,,570
Number of new HIV infections,Eastern Mediterranean,Tunisia,2015,,570
Number of new HIV infections,Europe,Romania,2015,,600
Number of new HIV infections,Europe,France,2015,,6100
Number of new HIV infections,Europe,Georgia,2015,,620
Number of new HIV infections,Europe,Netherlands (Kingdom of the),2015,,650
Number of new HIV infections,Africa,Rwanda,2015,,6700
Number of new HIV infections,Africa,Chad,2015,,6700
Number of new HIV infections,Africa,Zambia,2015,,69000
Number of new HIV infections,Africa,Uganda,2015,,71000
Number of new HIV infections,Europe,Kyrgyzstan,2015,,760
Number of new HIV infections,Africa,Mali,2015,,7800
Number of new HIV infections,Europe,Greece,2015,,790
Number of new HIV infections,Americas,Uruguay,2015,,820
Number of new HIV infections,Americas,Haiti,2015,,8200
Number of new HIV infections,Africa,Guinea,2015,,8600
Number of new HIV infections,Africa,Mauritius,2015,,870
Number of new HIV infections,Europe,Tajikistan,2015,,890
Number of new HIV infections,Africa,Namibia,2015,,9200
Number of new HIV infections,Eastern Mediterranean,Afghanistan,2015,,930
Number of new HIV infections,Americas,El Salvador,2015,,930
Number of new HIV infections,Africa,Congo,2015,,9400
Number of new HIV infections,Western Pacific,Australia,2015,,950
Number of new HIV infections,Africa,United Republic of Tanzania,2015,,98000
Number of new HIV infections,Western Pacific,Philippines,2015,,9900
Number of new HIV infections,Europe,Andorra,2015,,
Number of new HIV infections,Americas,Antigua and Barbuda,2015,,
Number of new HIV infections,Europe,Austria,2015,,
Number of new HIV infections,Eastern Mediterranean,Bahrain,2015,,
Number of new HIV infections,Europe,Belgium,2015,,
Number of new HIV infections,Western Pacific,Brunei Darussalam,2015,,
Number of new HIV infections,Africa,Cameroon,2015,,
Number of new HIV infections,Africa,Central African Republic,2015,,
Number of new HIV infections,Western Pacific,China,2015,,
Number of new HIV infections,Western Pacific,Cook Islands,2015,,
Number of new HIV infections,Europe,Cyprus,2015,,
Number of new HIV infections,South-East Asia,Democratic People's Republic of Korea,2015,,
Number of new HIV infections,Americas,Dominica,2015,,
Number of new HIV infections,Africa,Equatorial Guinea,2015,,
Number of new HIV infections,Europe,Finland,2015,,
Number of new HIV infections,Americas,Grenada,2015,,
Number of new HIV infections,Europe,Hungary,2015,,
Number of new HIV infections,South-East Asia,India,2015,,
Number of new HIV infections,Eastern Mediterranean,Iraq,2015,,
Number of new HIV infections,Western Pacific,Japan,2015,,
Number of new HIV infections,Western Pacific,Kiribati,2015,,
Number of new HIV infections,Eastern Mediterranean,Libya,2015,,
Number of new HIV infections,Africa,Madagascar,2015,,
Number of new HIV infections,South-East Asia,Maldives,2015,,
Number of new HIV infections,Western Pacific,Marshall Islands,2015,,
Number of new HIV infections,Western Pacific,Micronesia (Federated States of),2015,,
Number of new HIV infections,Europe,Monaco,2015,,
Number of new HIV infections,Western Pacific,Nauru,2015,,
Number of new HIV infections,Western Pacific,Niue,2015,,
Number of new HIV infections,Europe,Norway,2015,,
Number of new HIV infections,Eastern Mediterranean,Pakistan,2015,,
Number of new HIV infections,Western Pacific,Palau,2015,,
Number of new HIV infections,Europe,Poland,2015,,
Number of new HIV infections,Western Pacific,Republic of Korea,2015,,
Number of new HIV infections,Europe,Russian Federation,2015,,
Number of new HIV infections,Americas,Saint Kitts and Nevis,2015,,
Number of new HIV infections,Americas,Saint Lucia,2015,,
Number of new HIV infections,Americas,Saint Vincent and the Grenadines,2015,,
Number of new HIV infections,Western Pacific,Samoa,2015,,
Number of new HIV infections,Europe,San Marino,2015,,
Number of new HIV infections,Africa,Sao Tome and Principe,2015,,
Number of new HIV infections,Africa,Seychelles,2015,,
Number of new HIV infections,Western Pacific,Solomon Islands,2015,,
Number of new HIV infections,Eastern Mediterranean,Somalia,2015,,
Number of new HIV infections,Europe,Sweden,2015,,
Number of new HIV infections,Europe,T端rkiye,2015,,
Number of new HIV infections,Western Pacific,Tonga,2015,,
Number of new HIV infections,Americas,Trinidad and Tobago,2015,,
Number of new HIV infections,Europe,Turkmenistan,2015,,
Number of new HIV infections,Western Pacific,Tuvalu,2015,,
Number of new HIV infections,Eastern Mediterranean,United Arab Emirates,2015,,
Number of new HIV infections,Europe,United Kingdom of Great Britain and Northern Ireland,2015,,
Number of new HIV infections,Americas,United States of America,2015,,
Number of new HIV infections,Western Pacific,Vanuatu,2015,,
Number of new HIV infections,Europe,Albania,2010,,100
Number of new HIV infections,Europe,Bosnia and Herzegovina,2010,,100
Number of new HIV infections,Africa,Comoros,2010,,100
Number of new HIV infections,Europe,Croatia,2010,,100
Number of new HIV infections,Europe,Iceland,2010,,100
Number of new HIV infections,Eastern Mediterranean,Jordan,2010,,100
Number of new HIV infections,Eastern Mediterranean,Kuwait,2010,,100
Number of new HIV infections,Europe,Luxembourg,2010,,100
Number of new HIV infections,Europe,Malta,2010,,100
Number of new HIV infections,Western Pacific,Mongolia,2010,,100
Number of new HIV infections,Europe,Montenegro,2010,,100
Number of new HIV infections,Europe,North Macedonia,2010,,100
Number of new HIV infections,Eastern Mediterranean,Qatar,2010,,100
Number of new HIV infections,Europe,Slovakia,2010,,100
Number of new HIV infections,Europe,Slovenia,2010,,100
Number of new HIV infections,Eastern Mediterranean,Syrian Arab Republic,2010,,100
Number of new HIV infections,Americas,Barbados,2010,,100
Number of new HIV infections,South-East Asia,Bhutan,2010,,100
Number of new HIV infections,Eastern Mediterranean,Oman,2010,,100
Number of new HIV infections,Eastern Mediterranean,Saudi Arabia,2010,,100
Number of new HIV infections,Western Pacific,Fiji,2010,,200
Number of new HIV infections,Americas,Bahamas,2010,,200
Number of new HIV infections,Eastern Mediterranean,Lebanon,2010,,200
Number of new HIV infections,Western Pacific,New Zealand,2010,,200
Number of new HIV infections,Europe,Serbia,2010,,200
Number of new HIV infections,South-East Asia,Timor-Leste,2010,,200
Number of new HIV infections,Europe,Bulgaria,2010,,200
Number of new HIV infections,Africa,Cabo Verde,2010,,200
Number of new HIV infections,Europe,Czechia,2010,,200
Number of new HIV infections,Europe,Denmark,2010,,200
Number of new HIV infections,Americas,Belize,2010,,500
Number of new HIV infections,Africa,Mauritania,2010,,500
Number of new HIV infections,Europe,Armenia,2010,,500
Number of new HIV infections,Europe,Estonia,2010,,500
Number of new HIV infections,Europe,Ireland,2010,,500
Number of new HIV infections,Europe,Israel,2010,,500
Number of new HIV infections,Europe,Latvia,2010,,500
Number of new HIV infections,Europe,Lithuania,2010,,500
Number of new HIV infections,South-East Asia,Sri Lanka,2010,,500
Number of new HIV infections,Americas,Suriname,2010,,500
Number of new HIV infections,Western Pacific,Singapore,2010,,500
Number of new HIV infections,Europe,Georgia,2010,,500
Number of new HIV infections,Europe,Switzerland,2010,,500
Number of new HIV infections,Americas,Guyana,2010,,500
Number of new HIV infections,Africa,Rwanda,2010,,11000
Number of new HIV infections,Western Pacific,Australia,2010,,1100
Number of new HIV infections,Eastern Mediterranean,Egypt,2010,,1100
Number of new HIV infections,Americas,Paraguay,2010,,1100
Number of new HIV infections,Europe,Tajikistan,2010,,1100
Number of new HIV infections,Western Pacific,Lao People's Democratic Republic,2010,,1100
Number of new HIV infections,Americas,Colombia,2010,,12000
Number of new HIV infections,Africa,Algeria,2010,,1200
Number of new HIV infections,Africa,Namibia,2010,,13000
Number of new HIV infections,Americas,Jamaica,2010,,1300
Number of new HIV infections,Americas,Panama,2010,,1300
Number of new HIV infections,Americas,El Salvador,2010,,1300
Number of new HIV infections,Africa,Botswana,2010,,14000
Number of new HIV infections,Africa,Nigeria,2010,,140000
Number of new HIV infections,Americas,Guatemala,2010,,1400
Number of new HIV infections,Africa,South Sudan,2010,,15000
Number of new HIV infections,Western Pacific,Viet Nam,2010,,15000
Number of new HIV infections,Africa,Eswatini,2010,,15000
Number of new HIV infections,Eastern Mediterranean,Morocco,2010,,1500
Number of new HIV infections,Europe,Ukraine,2010,,16000
Number of new HIV infections,Africa,Mozambique,2010,,160000
Number of new HIV infections,Europe,Republic of Moldova,2010,,1600
Number of new HIV infections,Europe,Portugal,2010,,1600
Number of new HIV infections,South-East Asia,Myanmar,2010,,17000
Number of new HIV infections,Americas,Mexico,2010,,18000
Number of new HIV infections,South-East Asia,Thailand,2010,,18000
Number of new HIV infections,Africa,Lesotho,2010,,19000
Number of new HIV infections,Americas,Bolivia (Plurinational State of),2010,,2000
Number of new HIV infections,Americas,Canada,2010,,2100
Number of new HIV infections,South-East Asia,Nepal,2010,,2100
Number of new HIV infections,Africa,Ghana,2010,,22000
Number of new HIV infections,Africa,Gambia,2010,,2200
Number of new HIV infections,Africa,Senegal,2010,,2200
Number of new HIV infections,Western Pacific,Cambodia,2010,,2200
Number of new HIV infections,Americas,Cuba,2010,,2300
Number of new HIV infections,Americas,Ecuador,2010,,2400
Number of new HIV infections,Europe,Belarus,2010,,2500
Number of new HIV infections,Europe,Kazakhstan,2010,,2500
Number of new HIV infections,Africa,Liberia,2010,,2600
Number of new HIV infections,Africa,Ethiopia,2010,,27000
Number of new HIV infections,Africa,Cote d'Ivoire,2010,,27000
Number of new HIV infections,Europe,Germany,2010,,2700
Number of new HIV infections,Africa,Angola,2010,,28000
Number of new HIV infections,Eastern Mediterranean,Sudan,2010,,2800
Number of new HIV infections,Africa,Guinea-Bissau,2010,,2800
Number of new HIV infections,Africa,Gabon,2010,,3100
Number of new HIV infections,Western Pacific,Papua New Guinea,2010,,3300
Number of new HIV infections,Africa,South Africa,2010,,340000
Number of new HIV infections,Eastern Mediterranean,Iran (Islamic Republic of),2010,,3400
Number of new HIV infections,Americas,Chile,2010,,3400
Number of new HIV infections,Americas,Peru,2010,,3500
Number of new HIV infections,Africa,Democratic Republic of the Congo,2010,,37000
Number of new HIV infections,Europe,Spain,2010,,3700
Number of new HIV infections,Americas,Venezuela (Bolivarian Republic of),2010,,3900
Number of new HIV infections,Europe,Uzbekistan,2010,,3900
Number of new HIV infections,Europe,Italy,2010,,4200
Number of new HIV infections,Western Pacific,Philippines,2010,,4400
Number of new HIV infections,Africa,Burundi,2010,,4500
Number of new HIV infections,Americas,Dominican Republic,2010,,4600
Number of new HIV infections,Americas,Brazil,2010,,49000
Number of new HIV infections,South-East Asia,Indonesia,2010,,50000
Number of new HIV infections,Africa,Benin,2010,,5000
Number of new HIV infections,Americas,Nicaragua,2010,,540
Number of new HIV infections,Americas,Honduras,2010,,550
Number of new HIV infections,Africa,Sierra Leone,2010,,5500
Number of new HIV infections,Europe,Romania,2010,,560
Number of new HIV infections,Eastern Mediterranean,Tunisia,2010,,560
Number of new HIV infections,Americas,Argentina,2010,,5700
Number of new HIV infections,Africa,Malawi,2010,,58000
Number of new HIV infections,Western Pacific,Malaysia,2010,,5800
Number of new HIV infections,Africa,Burkina Faso,2010,,5900
Number of new HIV infections,Eastern Mediterranean,Afghanistan,2010,,610
Number of new HIV infections,Africa,Zambia,2010,,64000
Number of new HIV infections,Eastern Mediterranean,Djibouti,2010,,650
Number of new HIV infections,Europe,Greece,2010,,660
Number of new HIV infections,Africa,Togo,2010,,6600
Number of new HIV infections,Europe,France,2010,,6800
Number of new HIV infections,Europe,Kyrgyzstan,2010,,690
Number of new HIV infections,Africa,Eritrea,2010,,740
Number of new HIV infections,Americas,Uruguay,2010,,750
Number of new HIV infections,Africa,Kenya,2010,,76000
Number of new HIV infections,Europe,Azerbaijan,2010,,760
Number of new HIV infections,Africa,Congo,2010,,7700
Number of new HIV infections,Africa,Zimbabwe,2010,,79000
Number of new HIV infections,Africa,Chad,2010,,8300
Number of new HIV infections,Americas,Haiti,2010,,8500
Number of new HIV infections,Africa,Mali,2010,,8600
Number of new HIV infections,Africa,United Republic of Tanzania,2010,,87000
Number of new HIV infections,Africa,Niger,2010,,880
Number of new HIV infections,Americas,Costa Rica,2010,,910
Number of new HIV infections,Africa,Guinea,2010,,9100
Number of new HIV infections,Eastern Mediterranean,Yemen,2010,,930
Number of new HIV infections,Europe,Netherlands (Kingdom of the),2010,,940
Number of new HIV infections,South-East Asia,Bangladesh,2010,,950
Number of new HIV infections,Africa,Uganda,2010,,97000
Number of new HIV infections,Africa,Mauritius,2010,,990
Number of new HIV infections,Europe,Andorra,2010,,
Number of new HIV infections,Americas,Antigua and Barbuda,2010,,
Number of new HIV infections,Europe,Austria,2010,,
Number of new HIV infections,Eastern Mediterranean,Bahrain,2010,,
Number of new HIV infections,Europe,Belgium,2010,,
Number of new HIV infections,Western Pacific,Brunei Darussalam,2010,,
Number of new HIV infections,Africa,Cameroon,2010,,
Number of new HIV infections,Africa,Central African Republic,2010,,
Number of new HIV infections,Western Pacific,China,2010,,
Number of new HIV infections,Western Pacific,Cook Islands,2010,,
Number of new HIV infections,Europe,Cyprus,2010,,
Number of new HIV infections,South-East Asia,Democratic People's Republic of Korea,2010,,
Number of new HIV infections,Americas,Dominica,2010,,
Number of new HIV infections,Africa,Equatorial Guinea,2010,,
Number of new HIV infections,Europe,Finland,2010,,
Number of new HIV infections,Americas,Grenada,2010,,
Number of new HIV infections,Europe,Hungary,2010,,
Number of new HIV infections,South-East Asia,India,2010,,
Number of new HIV infections,Eastern Mediterranean,Iraq,2010,,
Number of new HIV infections,Western Pacific,Japan,2010,,
Number of new HIV infections,Western Pacific,Kiribati,2010,,
Number of new HIV infections,Eastern Mediterranean,Libya,2010,,
Number of new HIV infections,Africa,Madagascar,2010,,
Number of new HIV infections,South-East Asia,Maldives,2010,,
Number of new HIV infections,Western Pacific,Marshall Islands,2010,,
Number of new HIV infections,Western Pacific,Micronesia (Federated States of),2010,,
Number of new HIV infections,Europe,Monaco,2010,,
Number of new HIV infections,Western Pacific,Nauru,2010,,
Number of new HIV infections,Western Pacific,Niue,2010,,
Number of new HIV infections,Europe,Norway,2010,,
Number of new HIV infections,Eastern Mediterranean,Pakistan,2010,,
Number of new HIV infections,Western Pacific,Palau,2010,,
Number of new HIV infections,Europe,Poland,2010,,
Number of new HIV infections,Western Pacific,Republic of Korea,2010,,
Number of new HIV infections,Europe,Russian Federation,2010,,
Number of new HIV infections,Americas,Saint Kitts and Nevis,2010,,
Number of new HIV infections,Americas,Saint Lucia,2010,,
Number of new HIV infections,Americas,Saint Vincent and the Grenadines,2010,,
Number of new HIV infections,Western Pacific,Samoa,2010,,
Number of new HIV infections,Europe,San Marino,2010,,
Number of new HIV infections,Africa,Sao Tome and Principe,2010,,
Number of new HIV infections,Africa,Seychelles,2010,,
Number of new HIV infections,Western Pacific,Solomon Islands,2010,,
Number of new HIV infections,Eastern Mediterranean,Somalia,2010,,
Number of new HIV infections,Europe,Sweden,2010,,
Number of new HIV infections,Europe,T端rkiye,2010,,
Number of new HIV infections,Western Pacific,Tonga,2010,,
Number of new HIV infections,Americas,Trinidad and Tobago,2010,,
Number of new HIV infections,Europe,Turkmenistan,2010,,
Number of new HIV infections,Western Pacific,Tuvalu,2010,,
Number of new HIV infections,Eastern Mediterranean,United Arab Emirates,2010,,
Number of new HIV infections,Europe,United Kingdom of Great Britain and Northern Ireland,2010,,
Number of new HIV infections,Americas,United States of America,2010,,
Number of new HIV infections,Western Pacific,Vanuatu,2010,,
Number of new HIV infections,Europe,Albania,2005,,100
Number of new HIV infections,South-East Asia,Bhutan,2005,,100
Number of new HIV infections,Europe,Bosnia and Herzegovina,2005,,100
Number of new HIV infections,Africa,Comoros,2005,,100
Number of new HIV infections,Europe,Croatia,2005,,100
Number of new HIV infections,Western Pacific,Fiji,2005,,100
Number of new HIV infections,Europe,Iceland,2005,,100
Number of new HIV infections,Eastern Mediterranean,Jordan,2005,,100
Number of new HIV infections,Eastern Mediterranean,Kuwait,2005,,100
Number of new HIV infections,Europe,Luxembourg,2005,,100
Number of new HIV infections,Europe,Malta,2005,,100
Number of new HIV infections,Western Pacific,Mongolia,2005,,100
Number of new HIV infections,Europe,Montenegro,2005,,100
Number of new HIV infections,Europe,North Macedonia,2005,,100
Number of new HIV infections,Eastern Mediterranean,Qatar,2005,,100
Number of new HIV infections,Europe,Slovakia,2005,,100
Number of new HIV infections,Europe,Slovenia,2005,,100
Number of new HIV infections,Eastern Mediterranean,Syrian Arab Republic,2005,,100
Number of new HIV infections,Eastern Mediterranean,Oman,2005,,100
Number of new HIV infections,Eastern Mediterranean,Saudi Arabia,2005,,100
Number of new HIV infections,Eastern Mediterranean,Lebanon,2005,,200
Number of new HIV infections,Europe,Serbia,2005,,200
Number of new HIV infections,South-East Asia,Timor-Leste,2005,,200
Number of new HIV infections,Europe,Armenia,2005,,200
Number of new HIV infections,Americas,Barbados,2005,,200
Number of new HIV infections,Europe,Bulgaria,2005,,200
Number of new HIV infections,Western Pacific,New Zealand,2005,,200
Number of new HIV infections,Africa,Cabo Verde,2005,,200
Number of new HIV infections,Europe,Czechia,2005,,200
Number of new HIV infections,Europe,Denmark,2005,,200
Number of new HIV infections,Europe,Ireland,2005,,500
Number of new HIV infections,Europe,Lithuania,2005,,500
Number of new HIV infections,Americas,Bahamas,2005,,500
Number of new HIV infections,Americas,Belize,2005,,500
Number of new HIV infections,Europe,Georgia,2005,,500
Number of new HIV infections,Europe,Greece,2005,,500
Number of new HIV infections,Europe,Israel,2005,,500
Number of new HIV infections,Europe,Kyrgyzstan,2005,,500
Number of new HIV infections,Europe,Latvia,2005,,500
Number of new HIV infections,Western Pacific,Singapore,2005,,500
Number of new HIV infections,South-East Asia,Sri Lanka,2005,,500
Number of new HIV infections,Europe,Switzerland,2005,,500
Number of new HIV infections,Eastern Mediterranean,Afghanistan,2005,,500
Number of new HIV infections,Americas,Suriname,2005,,500
Number of new HIV infections,Eastern Mediterranean,Tunisia,2005,,500
Number of new HIV infections,Africa,Guinea,2005,,10000
Number of new HIV infections,Africa,Mauritius,2005,,1000
Number of new HIV infections,Africa,Algeria,2005,,1000
Number of new HIV infections,Europe,Netherlands (Kingdom of the),2005,,1000
Number of new HIV infections,Africa,Kenya,2005,,110000
Number of new HIV infections,Americas,Paraguay,2005,,1100
Number of new HIV infections,Americas,Honduras,2005,,1100
Number of new HIV infections,Western Pacific,Philippines,2005,,1100
Number of new HIV infections,Americas,Venezuela (Bolivarian Republic of),2005,,12000
Number of new HIV infections,Americas,Colombia,2005,,12000
Number of new HIV infections,Americas,Panama,2005,,1300
Number of new HIV infections,Africa,South Sudan,2005,,14000
Number of new HIV infections,Europe,Kazakhstan,2005,,1400
Number of new HIV infections,Africa,Eritrea,2005,,1400
Number of new HIV infections,Americas,Mexico,2005,,15000
Number of new HIV infections,Africa,Mozambique,2005,,150000
Number of new HIV infections,Africa,Rwanda,2005,,16000
Number of new HIV infections,Eastern Mediterranean,Morocco,2005,,1600
Number of new HIV infections,Africa,Botswana,2005,,17000
Number of new HIV infections,Africa,Namibia,2005,,17000
Number of new HIV infections,Africa,Nigeria,2005,,170000
Number of new HIV infections,Europe,Belarus,2005,,1700
Number of new HIV infections,Europe,Ukraine,2005,,18000
Number of new HIV infections,Africa,Eswatini,2005,,18000
Number of new HIV infections,Americas,Jamaica,2005,,1800
Number of new HIV infections,Americas,El Salvador,2005,,1800
Number of new HIV infections,Western Pacific,Viet Nam,2005,,19000
Number of new HIV infections,Europe,Republic of Moldova,2005,,1900
Number of new HIV infections,Europe,Portugal,2005,,1900
Number of new HIV infections,Americas,Bolivia (Plurinational State of),2005,,2000
Number of new HIV infections,Americas,Guatemala,2005,,2000
Number of new HIV infections,Americas,Cuba,2005,,2100
Number of new HIV infections,Americas,Chile,2005,,2100
Number of new HIV infections,South-East Asia,Myanmar,2005,,22000
Number of new HIV infections,Americas,Canada,2005,,2400
Number of new HIV infections,Africa,Gambia,2005,,2400
Number of new HIV infections,Americas,Ecuador,2005,,2400
Number of new HIV infections,Africa,Ghana,2005,,25000
Number of new HIV infections,Africa,Lesotho,2005,,25000
Number of new HIV infections,Africa,Angola,2005,,26000
Number of new HIV infections,Eastern Mediterranean,Sudan,2005,,2700
Number of new HIV infections,South-East Asia,Thailand,2005,,28000
Number of new HIV infections,Western Pacific,Papua New Guinea,2005,,2800
Number of new HIV infections,Africa,Niger,2005,,2900
Number of new HIV infections,Europe,Uzbekistan,2005,,3200
Number of new HIV infections,Africa,Liberia,2005,,3200
Number of new HIV infections,Europe,Spain,2005,,3300
Number of new HIV infections,Africa,Gabon,2005,,3400
Number of new HIV infections,Africa,Guinea-Bissau,2005,,3600
Number of new HIV infections,Africa,Senegal,2005,,3700
Number of new HIV infections,Africa,Ethiopia,2005,,39000
Number of new HIV infections,South-East Asia,Nepal,2005,,3900
Number of new HIV infections,Africa,Cote d'Ivoire,2005,,40000
Number of new HIV infections,Western Pacific,Cambodia,2005,,4400
Number of new HIV infections,Africa,Democratic Republic of the Congo,2005,,45000
Number of new HIV infections,Americas,Brazil,2005,,47000
Number of new HIV infections,Europe,Italy,2005,,4700
Number of new HIV infections,Americas,Peru,2005,,4700
Number of new HIV infections,Africa,South Africa,2005,,480000
Number of new HIV infections,South-East Asia,Indonesia,2005,,50000
Number of new HIV infections,Americas,Argentina,2005,,5400
Number of new HIV infections,Europe,Romania,2005,,560
Number of new HIV infections,Western Pacific,Malaysia,2005,,5600
Number of new HIV infections,Eastern Mediterranean,Egypt,2005,,570
Number of new HIV infections,Africa,Burundi,2005,,5700
Number of new HIV infections,Americas,Guyana,2005,,600
Number of new HIV infections,Americas,Dominican Republic,2005,,6000
Number of new HIV infections,Africa,Sierra Leone,2005,,6100
Number of new HIV infections,Africa,Benin,2005,,6200
Number of new HIV infections,Europe,Estonia,2005,,650
Number of new HIV infections,Americas,Nicaragua,2005,,660
Number of new HIV infections,Americas,Uruguay,2005,,670
Number of new HIV infections,Africa,Zambia,2005,,69000
Number of new HIV infections,Americas,Costa Rica,2005,,700
Number of new HIV infections,Africa,Congo,2005,,7300
Number of new HIV infections,Africa,Malawi,2005,,74000
Number of new HIV infections,Eastern Mediterranean,Iran (Islamic Republic of),2005,,7500
Number of new HIV infections,Europe,France,2005,,7500
Number of new HIV infections,Africa,Mauritania,2005,,780
Number of new HIV infections,Eastern Mediterranean,Yemen,2005,,800
Number of new HIV infections,Europe,Azerbaijan,2005,,840
Number of new HIV infections,Africa,Burkina Faso,2005,,8800
Number of new HIV infections,Eastern Mediterranean,Djibouti,2005,,900
Number of new HIV infections,Africa,Togo,2005,,9000
Number of new HIV infections,Western Pacific,Lao People's Democratic Republic,2005,,920
Number of new HIV infections,South-East Asia,Bangladesh,2005,,920
Number of new HIV infections,Americas,Haiti,2005,,9300
Number of new HIV infections,Western Pacific,Australia,2005,,940
Number of new HIV infections,Africa,Zimbabwe,2005,,95000
Number of new HIV infections,Africa,Uganda,2005,,96000
Number of new HIV infections,Africa,United Republic of Tanzania,2005,,96000
Number of new HIV infections,Africa,Chad,2005,,9700
Number of new HIV infections,Africa,Mali,2005,,9800
Number of new HIV infections,Europe,Tajikistan,2005,,990
Number of new HIV infections,Europe,Andorra,2005,,
Number of new HIV infections,Americas,Antigua and Barbuda,2005,,
Number of new HIV infections,Europe,Austria,2005,,
Number of new HIV infections,Eastern Mediterranean,Bahrain,2005,,
Number of new HIV infections,Europe,Belgium,2005,,
Number of new HIV infections,Western Pacific,Brunei Darussalam,2005,,
Number of new HIV infections,Africa,Cameroon,2005,,
Number of new HIV infections,Africa,Central African Republic,2005,,
Number of new HIV infections,Western Pacific,China,2005,,
Number of new HIV infections,Western Pacific,Cook Islands,2005,,
Number of new HIV infections,Europe,Cyprus,2005,,
Number of new HIV infections,South-East Asia,Democratic People's Republic of Korea,2005,,
Number of new HIV infections,Americas,Dominica,2005,,
Number of new HIV infections,Africa,Equatorial Guinea,2005,,
Number of new HIV infections,Europe,Finland,2005,,
Number of new HIV infections,Europe,Germany,2005,,
Number of new HIV infections,Americas,Grenada,2005,,
Number of new HIV infections,Europe,Hungary,2005,,
Number of new HIV infections,South-East Asia,India,2005,,
Number of new HIV infections,Eastern Mediterranean,Iraq,2005,,
Number of new HIV infections,Western Pacific,Japan,2005,,
Number of new HIV infections,Western Pacific,Kiribati,2005,,
Number of new HIV infections,Eastern Mediterranean,Libya,2005,,
Number of new HIV infections,Africa,Madagascar,2005,,
Number of new HIV infections,South-East Asia,Maldives,2005,,
Number of new HIV infections,Western Pacific,Marshall Islands,2005,,
Number of new HIV infections,Western Pacific,Micronesia (Federated States of),2005,,
Number of new HIV infections,Europe,Monaco,2005,,
Number of new HIV infections,Western Pacific,Nauru,2005,,
Number of new HIV infections,Western Pacific,Niue,2005,,
Number of new HIV infections,Europe,Norway,2005,,
Number of new HIV infections,Eastern Mediterranean,Pakistan,2005,,
Number of new HIV infections,Western Pacific,Palau,2005,,
Number of new HIV infections,Europe,Poland,2005,,
Number of new HIV infections,Western Pacific,Republic of Korea,2005,,
Number of new HIV infections,Europe,Russian Federation,2005,,
Number of new HIV infections,Americas,Saint Kitts and Nevis,2005,,
Number of new HIV infections,Americas,Saint Lucia,2005,,
Number of new HIV infections,Americas,Saint Vincent and the Grenadines,2005,,
Number of new HIV infections,Western Pacific,Samoa,2005,,
Number of new HIV infections,Europe,San Marino,2005,,
Number of new HIV infections,Africa,Sao Tome and Principe,2005,,
Number of new HIV infections,Africa,Seychelles,2005,,
Number of new HIV infections,Western Pacific,Solomon Islands,2005,,
Number of new HIV infections,Eastern Mediterranean,Somalia,2005,,
Number of new HIV infections,Europe,Sweden,2005,,
Number of new HIV infections,Europe,T端rkiye,2005,,
Number of new HIV infections,Western Pacific,Tonga,2005,,
Number of new HIV infections,Americas,Trinidad and Tobago,2005,,
Number of new HIV infections,Europe,Turkmenistan,2005,,
Number of new HIV infections,Western Pacific,Tuvalu,2005,,
Number of new HIV infections,Eastern Mediterranean,United Arab Emirates,2005,,
Number of new HIV infections,Europe,United Kingdom of Great Britain and Northern Ireland,2005,,
Number of new HIV infections,Americas,United States of America,2005,,
Number of new HIV infections,Western Pacific,Vanuatu,2005,,
Number of new HIV infections,Europe,Albania,2000,,100
Number of new HIV infections,Europe,Armenia,2000,,100
Number of new HIV infections,Europe,Bosnia and Herzegovina,2000,,100
Number of new HIV infections,Africa,Comoros,2000,,100
Number of new HIV infections,Europe,Croatia,2000,,100
Number of new HIV infections,Europe,Georgia,2000,,100
Number of new HIV infections,Europe,Iceland,2000,,100
Number of new HIV infections,Eastern Mediterranean,Jordan,2000,,100
Number of new HIV infections,Eastern Mediterranean,Kuwait,2000,,100
Number of new HIV infections,Europe,Kyrgyzstan,2000,,100
Number of new HIV infections,Eastern Mediterranean,Lebanon,2000,,100
Number of new HIV infections,Europe,Luxembourg,2000,,100
Number of new HIV infections,Europe,Malta,2000,,100
Number of new HIV infections,Western Pacific,Mongolia,2000,,100
Number of new HIV infections,Europe,Montenegro,2000,,100
Number of new HIV infections,Europe,North Macedonia,2000,,100
Number of new HIV infections,Eastern Mediterranean,Qatar,2000,,100
Number of new HIV infections,Europe,Slovakia,2000,,100
Number of new HIV infections,Europe,Slovenia,2000,,100
Number of new HIV infections,Eastern Mediterranean,Syrian Arab Republic,2000,,100
Number of new HIV infections,South-East Asia,Bhutan,2000,,100
Number of new HIV infections,Western Pacific,Fiji,2000,,100
Number of new HIV infections,Western Pacific,New Zealand,2000,,100
Number of new HIV infections,South-East Asia,Timor-Leste,2000,,100
Number of new HIV infections,Europe,Czechia,2000,,200
Number of new HIV infections,Eastern Mediterranean,Oman,2000,,200
Number of new HIV infections,Europe,Serbia,2000,,200
Number of new HIV infections,Americas,Barbados,2000,,200
Number of new HIV infections,Europe,Bulgaria,2000,,200
Number of new HIV infections,Europe,Lithuania,2000,,200
Number of new HIV infections,Africa,Cabo Verde,2000,,200
Number of new HIV infections,Europe,Ireland,2000,,200
Number of new HIV infections,Europe,Denmark,2000,,500
Number of new HIV infections,Europe,Estonia,2000,,500
Number of new HIV infections,Western Pacific,Singapore,2000,,500
Number of new HIV infections,Eastern Mediterranean,Tunisia,2000,,500
Number of new HIV infections,Eastern Mediterranean,Afghanistan,2000,,500
Number of new HIV infections,Americas,Bahamas,2000,,500
Number of new HIV infections,South-East Asia,Bangladesh,2000,,500
Number of new HIV infections,Americas,Belize,2000,,500
Number of new HIV infections,Eastern Mediterranean,Egypt,2000,,500
Number of new HIV infections,Europe,Greece,2000,,500
Number of new HIV infections,Europe,Israel,2000,,500
Number of new HIV infections,Western Pacific,Philippines,2000,,500
Number of new HIV infections,South-East Asia,Sri Lanka,2000,,500
Number of new HIV infections,Europe,Switzerland,2000,,500
Number of new HIV infections,Africa,Algeria,2000,,500
Number of new HIV infections,Americas,Costa Rica,2000,,500
Number of new HIV infections,Eastern Mediterranean,Yemen,2000,,500
Number of new HIV infections,Africa,Chad,2000,,11000
Number of new HIV infections,Africa,Mali,2000,,11000
Number of new HIV infections,Americas,Haiti,2000,,11000
Number of new HIV infections,Africa,United Republic of Tanzania,2000,,110000
Number of new HIV infections,Africa,Burkina Faso,2000,,12000
Number of new HIV infections,Africa,Guinea,2000,,12000
Number of new HIV infections,Africa,Zimbabwe,2000,,120000
Number of new HIV infections,Africa,Mauritania,2000,,1200
Number of new HIV infections,Americas,Panama,2000,,1200
Number of new HIV infections,Africa,Mauritius,2000,,1200
Number of new HIV infections,Americas,Cuba,2000,,1200
Number of new HIV infections,Africa,Togo,2000,,13000
Number of new HIV infections,Americas,Mexico,2000,,13000
Number of new HIV infections,Americas,Colombia,2000,,13000
Number of new HIV infections,Africa,South Sudan,2000,,14000
Number of new HIV infections,Africa,Kenya,2000,,140000
Number of new HIV infections,Africa,Mozambique,2000,,150000
Number of new HIV infections,Eastern Mediterranean,Djibouti,2000,,1500
Number of new HIV infections,Eastern Mediterranean,Morocco,2000,,1600
Number of new HIV infections,South-East Asia,Indonesia,2000,,17000
Number of new HIV infections,Africa,Nigeria,2000,,190000
Number of new HIV infections,Americas,Bolivia (Plurinational State of),2000,,1900
Number of new HIV infections,Africa,Angola,2000,,20000
Number of new HIV infections,Western Pacific,Viet Nam,2000,,20000
Number of new HIV infections,Africa,Eritrea,2000,,2000
Number of new HIV infections,Americas,El Salvador,2000,,2000
Number of new HIV infections,Africa,Eswatini,2000,,21000
Number of new HIV infections,Europe,Republic of Moldova,2000,,2100
Number of new HIV infections,Americas,Chile,2000,,2100
Number of new HIV infections,Europe,Portugal,2000,,2200
Number of new HIV infections,Africa,Namibia,2000,,23000
Number of new HIV infections,Africa,Rwanda,2000,,24000
Number of new HIV infections,South-East Asia,Myanmar,2000,,25000
Number of new HIV infections,Americas,Canada,2000,,2500
Number of new HIV infections,Africa,Gambia,2000,,2500
Number of new HIV infections,Americas,Ecuador,2000,,2500
Number of new HIV infections,Africa,Botswana,2000,,26000
Number of new HIV infections,Eastern Mediterranean,Sudan,2000,,2600
Number of new HIV infections,Western Pacific,Papua New Guinea,2000,,2600
Number of new HIV infections,Africa,Lesotho,2000,,27000
Number of new HIV infections,Americas,Jamaica,2000,,2900
Number of new HIV infections,Africa,Ghana,2000,,30000
Number of new HIV infections,Americas,Guatemala,2000,,3100
Number of new HIV infections,Europe,Ukraine,2000,,33000
Number of new HIV infections,Americas,Honduras,2000,,3300
Number of new HIV infections,Europe,Spain,2000,,3800
Number of new HIV infections,Eastern Mediterranean,Iran (Islamic Republic of),2000,,4000
Number of new HIV infections,Americas,Brazil,2000,,43000
Number of new HIV infections,Africa,Gabon,2000,,4300
Number of new HIV infections,Africa,Liberia,2000,,4300
Number of new HIV infections,South-East Asia,Thailand,2000,,51000
Number of new HIV infections,South-East Asia,Nepal,2000,,5100
Number of new HIV infections,Africa,South Africa,2000,,520000
Number of new HIV infections,Europe,Italy,2000,,5200
Number of new HIV infections,Africa,Guinea-Bissau,2000,,5200
Number of new HIV infections,Americas,Argentina,2000,,5200
Number of new HIV infections,Americas,Suriname,2000,,540
Number of new HIV infections,Americas,Peru,2000,,5400
Number of new HIV infections,Africa,Democratic Republic of the Congo,2000,,55000
Number of new HIV infections,Americas,Uruguay,2000,,570
Number of new HIV infections,Africa,Sierra Leone,2000,,5700
Number of new HIV infections,Western Pacific,Malaysia,2000,,5800
Number of new HIV infections,Africa,Cote d'Ivoire,2000,,59000
Number of new HIV infections,Europe,Latvia,2000,,590
Number of new HIV infections,Africa,Senegal,2000,,6100
Number of new HIV infections,Africa,Ethiopia,2000,,63000
Number of new HIV infections,Africa,Niger,2000,,6400
Number of new HIV infections,Western Pacific,Lao People's Democratic Republic,2000,,650
Number of new HIV infections,Americas,Guyana,2000,,660
Number of new HIV infections,Western Pacific,Australia,2000,,660
Number of new HIV infections,Europe,France,2000,,6700
Number of new HIV infections,Europe,Tajikistan,2000,,680
Number of new HIV infections,Eastern Mediterranean,Saudi Arabia,2000,,680
Number of new HIV infections,Europe,Belarus,2000,,700
Number of new HIV infections,Africa,Congo,2000,,7300
Number of new HIV infections,Europe,Romania,2000,,740
Number of new HIV infections,Africa,Benin,2000,,7400
Number of new HIV infections,Africa,Zambia,2000,,76000
Number of new HIV infections,Americas,Dominican Republic,2000,,7600
Number of new HIV infections,Africa,Burundi,2000,,7800
Number of new HIV infections,Americas,Venezuela (Bolivarian Republic of),2000,,8000
Number of new HIV infections,Western Pacific,Cambodia,2000,,8500
Number of new HIV infections,Europe,Kazakhstan,2000,,870
Number of new HIV infections,Europe,Netherlands (Kingdom of the),2000,,880
Number of new HIV infections,Americas,Paraguay,2000,,940
Number of new HIV infections,Europe,Azerbaijan,2000,,950
Number of new HIV infections,Africa,Malawi,2000,,97000
Number of new HIV infections,Africa,Uganda,2000,,97000
Number of new HIV infections,Americas,Nicaragua,2000,,970
Number of new HIV infections,Europe,Andorra,2000,,
Number of new HIV infections,Americas,Antigua and Barbuda,2000,,
Number of new HIV infections,Europe,Austria,2000,,
Number of new HIV infections,Eastern Mediterranean,Bahrain,2000,,
Number of new HIV infections,Europe,Belgium,2000,,
Number of new HIV infections,Western Pacific,Brunei Darussalam,2000,,
Number of new HIV infections,Africa,Cameroon,2000,,
Number of new HIV infections,Africa,Central African Republic,2000,,
Number of new HIV infections,Western Pacific,China,2000,,
Number of new HIV infections,Western Pacific,Cook Islands,2000,,
Number of new HIV infections,Europe,Cyprus,2000,,
Number of new HIV infections,South-East Asia,Democratic People's Republic of Korea,2000,,
Number of new HIV infections,Americas,Dominica,2000,,
Number of new HIV infections,Africa,Equatorial Guinea,2000,,
Number of new HIV infections,Europe,Finland,2000,,
Number of new HIV infections,Europe,Germany,2000,,
Number of new HIV infections,Americas,Grenada,2000,,
Number of new HIV infections,Europe,Hungary,2000,,
Number of new HIV infections,South-East Asia,India,2000,,
Number of new HIV infections,Eastern Mediterranean,Iraq,2000,,
Number of new HIV infections,Western Pacific,Japan,2000,,
Number of new HIV infections,Western Pacific,Kiribati,2000,,
Number of new HIV infections,Eastern Mediterranean,Libya,2000,,
Number of new HIV infections,Africa,Madagascar,2000,,
Number of new HIV infections,South-East Asia,Maldives,2000,,
Number of new HIV infections,Western Pacific,Marshall Islands,2000,,
Number of new HIV infections,Western Pacific,Micronesia (Federated States of),2000,,
Number of new HIV infections,Europe,Monaco,2000,,
Number of new HIV infections,Western Pacific,Nauru,2000,,
Number of new HIV infections,Western Pacific,Niue,2000,,
Number of new HIV infections,Europe,Norway,2000,,
Number of new HIV infections,Eastern Mediterranean,Pakistan,2000,,
Number of new HIV infections,Western Pacific,Palau,2000,,
Number of new HIV infections,Europe,Poland,2000,,
Number of new HIV infections,Western Pacific,Republic of Korea,2000,,
Number of new HIV infections,Europe,Russian Federation,2000,,
Number of new HIV infections,Americas,Saint Kitts and Nevis,2000,,
Number of new HIV infections,Americas,Saint Lucia,2000,,
Number of new HIV infections,Americas,Saint Vincent and the Grenadines,2000,,
Number of new HIV infections,Western Pacific,Samoa,2000,,
Number of new HIV infections,Europe,San Marino,2000,,
Number of new HIV infections,Africa,Sao Tome and Principe,2000,,
Number of new HIV infections,Africa,Seychelles,2000,,
Number of new HIV infections,Western Pacific,Solomon Islands,2000,,
Number of new HIV infections,Eastern Mediterranean,Somalia,2000,,
Number of new HIV infections,Europe,Sweden,2000,,
Number of new HIV infections,Europe,T端rkiye,2000,,
Number of new HIV infections,Western Pacific,Tonga,2000,,
Number of new HIV infections,Americas,Trinidad and Tobago,2000,,
Number of new HIV infections,Europe,Turkmenistan,2000,,
Number of new HIV infections,Western Pacific,Tuvalu,2000,,
Number of new HIV infections,Eastern Mediterranean,United Arab Emirates,2000,,
Number of new HIV infections,Europe,United Kingdom of Great Britain and Northern Ireland,2000,,
Number of new HIV infections,Americas,United States of America,2000,,
Number of new HIV infections,Europe,Uzbekistan,2000,,
Number of new HIV infections,Western Pacific,Vanuatu,2000,,
